multiverse_id,mtgo_id,set,collector_number,lang,rarity,name,mana_cost,cmc,type_line,artist,usd_price,usd_foil_price,eur_price,tix_price,image_uri,scryfall_uri
513568,88659,STX,91,en,U,Academic Dispute,{R},1.0,Instant,Manuel Castañón,0.24,0.38,0.06,0.02,https://c1.scryfall.com/file/scryfall-cards/large/front/4/6/4620cc3b-e401-4096-b310-fed080806344.jpg?1617551410,https://scryfall.com/card/stx/91/academic-dispute
513484,88491,STX,7,en,R,Academic Probation,{1}{W},2.0,Sorcery — Lesson,Cristi Balanescu,0.42,2.78,0.19,,https://c1.scryfall.com/file/scryfall-cards/large/front/0/5/05521edf-f47f-4e7a-aec5-cdc4ae7368c2.jpg?1617444412,https://scryfall.com/card/stx/7/academic-probation
513754,89031,STX,262,en,U,Access Tunnel,"",0.0,Land,Alayna Danner,0.24,0.31,0.09,0.02,https://c1.scryfall.com/file/scryfall-cards/large/front/e/d/edf8eb51-9643-4c54-b38e-e7abea92bbe1.jpg?1617453624,https://scryfall.com/card/stx/262/access-tunnel
513596,88715,STX,119,en,R,Accomplished Alchemist,{3}{G},4.0,Creature — Elf Druid,Randy Vargas,0.88,3.98,0.36,,https://c1.scryfall.com/file/scryfall-cards/large/front/0/d/0d7b7830-b65e-4c53-98e8-152026764e4b.jpg?1617223718,https://scryfall.com/card/stx/119/accomplished-alchemist
513654,88831,STX,162,en,U,Aether Helix,{3}{G}{U},5.0,Sorcery,Torstein Nordstrand,0.23,0.49,0.07,0.03,https://c1.scryfall.com/file/scryfall-cards/large/front/7/d/7d1c653e-f629-4105-a52c-379c5cd78208.jpg?1617222957,https://scryfall.com/card/stx/162/aether-helix
513485,88493,STX,8,en,C,Ageless Guardian,{1}{W},2.0,Creature — Spirit Soldier,Nicholas Gregory,,,,0.02,https://c1.scryfall.com/file/scryfall-cards/large/front/4/a/4a5ff6af-402f-4bf6-a75b-dc1e0e40aff6.jpg?1617070145,https://scryfall.com/card/stx/8/ageless-guardian
513513,88549,STX,36,en,C,Arcane Subtraction,{1}{U},2.0,Instant,Anastasia Ovchinnikova,0.23,0.48,0.09,0.01,https://c1.scryfall.com/file/scryfall-cards/large/front/6/8/68cdb00c-ea86-4b72-8f62-570820edfa1b.jpg?1617445626,https://scryfall.com/card/stx/36/arcane-subtraction
513514,88551,STX,37,en,R,Archmage Emeritus,{2}{U}{U},4.0,Creature — Human Wizard,Caio Monteiro,1.7,3.69,1.33,,https://c1.scryfall.com/file/scryfall-cards/large/front/7/6/761df6cd-0928-4167-8902-58fdb50181a0.jpg?1616693970,https://scryfall.com/card/stx/37/archmage-emeritus
513755,89033,STX,263,en,C,Archway Commons,"",0.0,Land,Piotr Dura,0.21,0.31,0.04,0.01,https://c1.scryfall.com/file/scryfall-cards/large/front/f/6/f6f6a2ff-7eb7-4680-af2b-e69ac88a65c9.jpg?1617219730,https://scryfall.com/card/stx/263/archway-commons
513569,88661,STX,92,en,U,Ardent Dustspeaker,{4}{R},5.0,Creature — Minotaur Shaman,Mads Ahm,,,0.09,0.02,https://c1.scryfall.com/file/scryfall-cards/large/front/7/f/7ff4832a-26c0-4da5-abbb-1941e7084e72.jpg?1617447769,https://scryfall.com/card/stx/92/ardent-dustspeaker
513540,88603,STX,63,en,C,Arrogant Poet,{1}{B},2.0,Creature — Human Warlock,Billy Christian,0.2,0.67,0.04,0.01,https://c1.scryfall.com/file/scryfall-cards/large/front/5/5/556a0816-83c5-41dc-8546-213b21e2cceb.jpg?1617551429,https://scryfall.com/card/stx/63/arrogant-poet
516909,88773,STX,147,en,R,Augmenter Pugilist // Echoing Equation,{1}{G}{G} // {3}{U}{U},3.0,Creature — Troll Druid // Sorcery,Volkan Baǵa,1.64,11.65,1.13,,https://c1.scryfall.com/file/scryfall-cards/large/front/d/9/d9131fc3-018a-4975-8795-47be3956160d.jpg?1617452954,https://scryfall.com/card/stx/147/augmenter-pugilist-echoing-equation
513541,88605,STX,64,en,R,Baleful Mastery,{3}{B},4.0,Instant,Chris Cold,1.69,4.32,2.54,,https://c1.scryfall.com/file/scryfall-cards/large/front/3/5/35f1a6ba-e46f-44fb-93f4-fb883d677b36.jpg?1617446754,https://scryfall.com/card/stx/64/baleful-mastery
513597,88717,STX,120,en,R,Basic Conjuration,{1}{G}{G},3.0,Sorcery — Lesson,Randy Vargas,1.2,4.15,0.17,,https://c1.scryfall.com/file/scryfall-cards/large/front/8/b/8be52d88-f430-4437-a0d3-590c2947c838.jpg?1617448336,https://scryfall.com/card/stx/120/basic-conjuration
513598,88719,STX,121,en,C,Bayou Groff,{1}{G},2.0,Creature — Plant Dog,Ilse Gort,0.24,1.04,0.06,,https://c1.scryfall.com/file/scryfall-cards/large/front/4/a/4a82b032-b1ba-456c-abab-c0f7430b0587.jpg?1617449039,https://scryfall.com/card/stx/121/bayou-groff
513486,88495,STX,9,en,C,Beaming Defiance,{1}{W},2.0,Instant,Manuel Castañón,0.26,0.29,0.1,0.01,https://c1.scryfall.com/file/scryfall-cards/large/front/7/e/7e22411c-11c1-4770-8491-7952dd406e01.jpg?1617148555,https://scryfall.com/card/stx/9/beaming-defiance
513655,88833,STX,163,en,M,Beledros Witherbloom,{5}{B}{G},7.0,Legendary Creature — Elder Dragon,Raymond Swanland,20.62,36.04,8.72,,https://c1.scryfall.com/file/scryfall-cards/large/front/9/3/93f786a2-a7b7-4f9e-92e8-9a6a11efe290.jpg?1617407612,https://scryfall.com/card/stx/163/beledros-witherbloom
513743,89009,STX,251,en,C,Biblioplex Assistant,{4},4.0,Artifact Creature — Gargoyle,Raoul Vitale,0.24,0.38,0.09,0.02,https://c1.scryfall.com/file/scryfall-cards/large/front/d/7/d74e1117-0196-4268-be97-a1e81b5dc90e.jpg?1617570409,https://scryfall.com/card/stx/251/biblioplex-assistant
513599,88721,STX,122,en,C,Big Play,{1}{G},2.0,Instant,Nicholas Gregory,0.23,3.0,0.05,0.02,https://c1.scryfall.com/file/scryfall-cards/large/front/9/0/9016d667-50a9-4093-9a99-b34dcdafe60b.jpg?1617449100,https://scryfall.com/card/stx/122/big-play
513656,88835,STX,164,en,C,Biomathematician,{1}{G}{U},3.0,Creature — Human Wizard,Igor Kieryluk,0.24,0.39,0.08,0.02,https://c1.scryfall.com/file/scryfall-cards/large/front/b/4/b41a35ef-dae1-4534-a12a-d3951b285273.jpg?1617225835,https://scryfall.com/card/stx/164/biomathematician
513657,88837,STX,165,en,R,Blade Historian,{R/W}{R/W}{R/W}{R/W},4.0,Creature — Human Cleric,Cristi Balanescu,0.83,2.96,0.26,,https://c1.scryfall.com/file/scryfall-cards/large/front/a/4/a46d64ec-aca4-428e-bce6-66cd755c8cc3.jpg?1617071363,https://scryfall.com/card/stx/165/blade-historian
513627,88777,STX,148,en,M,"Blex, Vexing Pest // Search for Blex",{2}{G} // {2}{B}{B},3.0,Legendary Creature — Pest // Sorcery,Ekaterina Burmak,7.54,11.99,5.27,,https://c1.scryfall.com/file/scryfall-cards/large/front/c/2/c204b7ca-0904-40fa-b20c-92400fae20b8.jpg?1617583842,https://scryfall.com/card/stx/148/blex-vexing-pest-search-for-blex
513570,88663,STX,93,en,C,Blood Age General,{1}{R},2.0,Creature — Spirit Warrior,Johan Grenier,0.25,,0.05,0.01,https://c1.scryfall.com/file/scryfall-cards/large/front/f/3/f30237cc-27c8-4075-acbd-d75a16588a68.jpg?1617610502,https://scryfall.com/card/stx/93/blood-age-general
513658,88839,STX,166,en,C,Blood Researcher,{1}{B}{G},3.0,Creature — Vampire Druid,Cristi Balanescu,0.22,0.35,0.05,0.02,https://c1.scryfall.com/file/scryfall-cards/large/front/3/e/3e35e9ba-a10e-4926-a7a6-3a65efc2a730.jpg?1617473910,https://scryfall.com/card/stx/166/blood-researcher
513659,88841,STX,167,en,M,Blot Out the Sky,{X}{W}{B},2.0,Sorcery,Olena Richards,6.48,9.97,2.62,,https://c1.scryfall.com/file/scryfall-cards/large/front/0/1/0141312f-4b68-4c56-b1dc-5b7e6afbb96c.jpg?1618273045,https://scryfall.com/card/stx/167/blot-out-the-sky
513660,88843,STX,168,en,M,Body of Research,{G}{G}{G}{U}{U}{U},6.0,Sorcery,Antonio José Manzanedo,7.48,,4.14,,https://c1.scryfall.com/file/scryfall-cards/large/front/9/8/98b56823-0076-49cc-b5aa-4accb8e2782e.jpg?1617583354,https://scryfall.com/card/stx/168/body-of-research
513600,88723,STX,123,en,U,Bookwurm,{7}{G},8.0,Creature — Wurm,Wayne Reynolds,0.24,0.43,0.07,0.01,https://c1.scryfall.com/file/scryfall-cards/large/front/5/7/57d230fc-d382-40b4-bdbd-5fe880fa16bf.jpg?1617474091,https://scryfall.com/card/stx/123/bookwurm
513542,88607,STX,65,en,U,Brackish Trudge,{2}{B},3.0,Creature — Fungus Beast,Tomasz Jedruszek,0.23,0.34,0.09,0.02,https://c1.scryfall.com/file/scryfall-cards/large/front/9/0/90ba37ee-159f-421f-8d37-a7b5f1b562f0.jpg?1617584899,https://scryfall.com/card/stx/65/brackish-trudge
513515,88553,STX,38,en,C,Burrog Befuddler,{1}{U},2.0,Creature — Frog Wizard,Zoltan Boros,0.23,0.66,0.06,0.02,https://c1.scryfall.com/file/scryfall-cards/large/front/6/0/6040c573-cd8c-4593-8ade-d9922482035c.jpg?1617451444,https://scryfall.com/card/stx/38/burrog-befuddler
513516,88555,STX,39,en,C,Bury in Books,{4}{U},5.0,Instant,Zoltan Boros,0.23,0.48,0.09,0.01,https://c1.scryfall.com/file/scryfall-cards/large/front/a/c/ac2a2cf5-80cf-4c06-8b04-bc04a5460de5.jpg?1617072086,https://scryfall.com/card/stx/39/bury-in-books
513543,88609,STX,66,en,R,Callous Bloodmage,{2}{B},3.0,Creature — Vampire Warlock,Jokubas Uogintas,2.36,4.94,0.51,,https://c1.scryfall.com/file/scryfall-cards/large/front/8/1/81358736-65cf-44d8-819e-d0268d14cc76.jpg?1617446831,https://scryfall.com/card/stx/66/callous-bloodmage
513744,89011,STX,252,en,C,Campus Guide,{2},2.0,Artifact Creature — Golem,Slawomir Maniak,0.27,0.48,0.08,0.01,https://c1.scryfall.com/file/scryfall-cards/large/front/8/7/87a9a8a2-de81-441b-b501-418311b677f7.jpg?1617583436,https://scryfall.com/card/stx/252/campus-guide
513601,88725,STX,124,en,C,Charge Through,{G},1.0,Instant,Craig J Spearing,0.23,0.48,0.07,0.02,https://c1.scryfall.com/file/scryfall-cards/large/front/e/d/ed16926f-feb0-481a-8c5e-88ea119752cd.jpg?1617312303,https://scryfall.com/card/stx/124/charge-through
513487,88497,STX,10,en,U,Clever Lumimancer,{W},1.0,Creature — Human Wizard,Lie Setiawan,1.65,4.35,0.59,,https://c1.scryfall.com/file/scryfall-cards/large/front/6/9/69957656-cfdf-4001-8e84-0ef29e4a468d.jpg?1617148938,https://scryfall.com/card/stx/10/clever-lumimancer
513661,88845,STX,169,en,U,Closing Statement,{3}{W}{B},5.0,Instant,Craig J Spearing,0.33,0.4,0.07,0.05,https://c1.scryfall.com/file/scryfall-cards/large/front/7/8/785e6d07-fe40-4723-b963-02da0a0987c7.jpg?1617466098,https://scryfall.com/card/stx/169/closing-statement
513745,89013,STX,253,en,R,"Codie, Vociferous Codex",{3},3.0,Legendary Artifact Creature — Construct,Daniel Ljunggren,1.94,10.52,0.23,,https://c1.scryfall.com/file/scryfall-cards/large/front/e/a/ea476ee1-67d9-4dd8-a5ac-f68a155eb18b.jpg?1617450082,https://scryfall.com/card/stx/253/codie-vociferous-codex
513746,89015,STX,254,en,C,Cogwork Archivist,{6},6.0,Artifact Creature — Construct,Joseph Meehan,0.25,0.48,0.07,0.01,https://c1.scryfall.com/file/scryfall-cards/large/front/8/c/8c024a2d-20fb-478b-a62e-e3590a1e3ac1.jpg?1617222412,https://scryfall.com/card/stx/254/cogwork-archivist
513488,88499,STX,11,en,C,Combat Professor,{3}{W},4.0,Creature — Bird Cleric,Andrey Kuzinskiy,0.25,0.38,0.05,0.01,https://c1.scryfall.com/file/scryfall-cards/large/front/3/f/3f669ac4-98ed-4e23-91a9-281f8277ab04.jpg?1617444592,https://scryfall.com/card/stx/11/combat-professor
513544,88611,STX,67,en,R,Confront the Past,{X}{B},1.0,Sorcery — Lesson,Kieran Yanner,1.77,2.72,0.2,,https://c1.scryfall.com/file/scryfall-cards/large/front/e/1/e1951763-be97-400c-aa95-6b101f47bddf.jpg?1617446905,https://scryfall.com/card/stx/67/confront-the-past
513571,88665,STX,94,en,R,Conspiracy Theorist,{1}{R},2.0,Creature — Human Shaman,Svetlin Velinov,2.13,7.81,0.84,,https://c1.scryfall.com/file/scryfall-cards/large/front/7/4/742a7487-70a2-448b-8e66-c33cba798a32.jpg?1617583606,https://scryfall.com/card/stx/94/conspiracy-theorist
513602,88727,STX,125,en,U,Containment Breach,{2}{G},3.0,Sorcery — Lesson,Campbell White,0.26,0.87,0.08,0.02,https://c1.scryfall.com/file/scryfall-cards/large/front/0/d/0dcca120-b72e-4007-98e1-cb22e7b9a705.jpg?1617583651,https://scryfall.com/card/stx/125/containment-breach
513572,88667,STX,95,en,M,Crackle with Power,{X}{X}{X}{R}{R},2.0,Sorcery,Micah Epstein,6.06,19.99,2.17,,https://c1.scryfall.com/file/scryfall-cards/large/front/d/e/de547f52-3798-4b3a-947d-24873251204b.jpg?1617447905,https://scryfall.com/card/stx/95/crackle-with-power
513662,88847,STX,170,en,C,Cram Session,{1}{B/G},2.0,Sorcery,Marta Nael,0.25,,0.07,0.01,https://c1.scryfall.com/file/scryfall-cards/large/front/c/5/c59a249f-35ed-447a-845b-32ba5a53124e.jpg?1617450486,https://scryfall.com/card/stx/170/cram-session
513663,88849,STX,171,en,U,Creative Outburst,{3}{U}{U}{R}{R},7.0,Instant,Igor Kieryluk,0.23,0.44,0.06,0.02,https://c1.scryfall.com/file/scryfall-cards/large/front/e/a/eab58d87-bf01-45dc-8958-e2b3375f914b.jpg?1617450516,https://scryfall.com/card/stx/171/creative-outburst
513545,88613,STX,68,en,C,Crushing Disappointment,{3}{B},4.0,Instant,Andrey Kuzinskiy,0.28,,0.07,0.01,https://c1.scryfall.com/file/scryfall-cards/large/front/7/f/7fbe8cf1-11df-4ca4-9a6b-265193c49250.jpg?1617446977,https://scryfall.com/card/stx/68/crushing-disappointment
513664,88851,STX,172,en,R,Culling Ritual,{2}{B}{G},4.0,Sorcery,Lorenzo Mastroianni,1.9,3.95,1.25,,https://c1.scryfall.com/file/scryfall-cards/large/front/8/f/8f6f91d3-cc07-4a42-99a0-5fb83b29cc25.jpg?1617474212,https://scryfall.com/card/stx/172/culling-ritual
513665,88853,STX,173,en,R,Culmination of Studies,{X}{U}{R},2.0,Sorcery,Bryan Sola,0.35,2.43,0.17,,https://c1.scryfall.com/file/scryfall-cards/large/front/2/4/2483060e-9d3f-48ae-80ea-0119bf6b4d67.jpg?1617137937,https://scryfall.com/card/stx/173/culmination-of-studies
513517,88557,STX,40,en,C,Curate,{1}{U},2.0,Instant,Izzy,0.24,0.42,0.08,0.01,https://c1.scryfall.com/file/scryfall-cards/large/front/f/2/f2a0e716-22b7-4a5e-9b7a-d4a806ee7427.jpg?1617072183,https://scryfall.com/card/stx/40/curate
513666,88855,STX,174,en,R,Daemogoth Titan,{B/G}{B/G}{B/G}{B/G},4.0,Creature — Demon,Chris Cold,0.66,9.95,0.61,,https://c1.scryfall.com/file/scryfall-cards/large/front/c/2/c2f18828-ade7-4b99-97b2-e34bc2fdb68c.jpg?1617583304,https://scryfall.com/card/stx/174/daemogoth-titan
513667,88857,STX,175,en,U,Daemogoth Woe-Eater,{1}{B}{B/G}{G},4.0,Creature — Demon,Alex Brock,0.25,1.99,0.11,0.02,https://c1.scryfall.com/file/scryfall-cards/large/front/c/9/c965cbe3-50e5-41bb-bdb9-e65d97aab716.jpg?1617450670,https://scryfall.com/card/stx/175/daemogoth-woe-eater
513668,88859,STX,176,en,U,Deadly Brew,{B}{G},2.0,Sorcery,Randy Vargas,0.25,0.76,0.15,0.06,https://c1.scryfall.com/file/scryfall-cards/large/front/8/7/87d33e48-90fc-4aac-b09a-68050bc053b5.jpg?1617474223,https://scryfall.com/card/stx/176/deadly-brew
513669,88861,STX,177,en,U,Decisive Denial,{G}{U},2.0,Instant,Lorenzo Mastroianni,0.38,2.66,0.32,0.03,https://c1.scryfall.com/file/scryfall-cards/large/front/b/2/b2e9d132-95f7-4ee7-9c91-be19e4ad7a5d.jpg?1617451433,https://scryfall.com/card/stx/177/decisive-denial
513489,88501,STX,12,en,C,Defend the Campus,{3}{W},4.0,Instant,Izzy,,,0.17,0.01,https://c1.scryfall.com/file/scryfall-cards/large/front/8/5/85e4e1b5-77d6-4af4-b22e-6f6b4d129f5d.jpg?1617444619,https://scryfall.com/card/stx/12/defend-the-campus
513490,88503,STX,13,en,U,Detention Vortex,{W},1.0,Enchantment — Aura,Campbell White,0.23,0.49,0.1,0.02,https://c1.scryfall.com/file/scryfall-cards/large/front/5/4/54ebe581-be17-415a-a160-28d8f4e95636.jpg?1617315428,https://scryfall.com/card/stx/13/detention-vortex
513491,88505,STX,14,en,R,Devastating Mastery,{2}{W}{W}{W}{W},6.0,Sorcery,Jake Murray,1.38,3.71,0.56,,https://c1.scryfall.com/file/scryfall-cards/large/front/3/b/3b6be019-29b9-4c81-9899-aefeaf9cc977.jpg?1617995237,https://scryfall.com/card/stx/14/devastating-mastery
513603,88729,STX,126,en,U,Devouring Tendrils,{1}{G},2.0,Sorcery,Campbell White,0.3,0.5,0.1,0.03,https://c1.scryfall.com/file/scryfall-cards/large/front/f/7/f7444555-da19-4d2d-ad81-233c54fbb78e.jpg?1617449273,https://scryfall.com/card/stx/126/devouring-tendrils
513670,88863,STX,178,en,U,"Dina, Soul Steeper",{B}{G},2.0,Legendary Creature — Dryad Druid,Chris Rahn,0.32,3.11,0.09,0.02,https://c1.scryfall.com/file/scryfall-cards/large/front/9/c/9cd2b567-0cf7-4441-b3ce-e31141dd91c8.jpg?1617406249,https://scryfall.com/card/stx/178/dina-soul-steeper
513518,88559,STX,41,en,U,Divide by Zero,{2}{U},3.0,Instant,Liiga Smilshkalne,0.32,3.42,0.15,0.03,https://c1.scryfall.com/file/scryfall-cards/large/front/1/9/1958d96e-ec44-48ab-80b1-5b01a24ac7b8.jpg?1617445868,https://scryfall.com/card/stx/41/divide-by-zero
513671,88865,STX,179,en,R,Double Major,{G}{U},2.0,Instant,Suzanne Helmigh,5.79,11.13,1.78,,https://c1.scryfall.com/file/scryfall-cards/large/front/c/3/c3d35413-8742-4443-8859-93c91112978d.jpg?1617583285,https://scryfall.com/card/stx/179/double-major
513573,88669,STX,96,en,R,Draconic Intervention,{2}{R}{R},4.0,Sorcery,Johan Grenier,1.32,,0.18,,https://c1.scryfall.com/file/scryfall-cards/large/front/6/5/657de246-b9fc-47b1-b932-091e9500bb82.jpg?1617447932,https://scryfall.com/card/stx/96/draconic-intervention
513574,88671,STX,97,en,C,Dragon's Approach,{2}{R},3.0,Sorcery,Andrew Mar,3.13,6.48,0.37,0.06,https://c1.scryfall.com/file/scryfall-cards/large/front/0/c/0cb504a0-1dfb-49d0-84c3-7bd318d55481.jpg?1617448008,https://scryfall.com/card/stx/97/dragons-approach
513604,88731,STX,127,en,R,Dragonsguard Elite,{1}{G},2.0,Creature — Human Druid,David Rapoza,1.4,4.41,0.55,,https://c1.scryfall.com/file/scryfall-cards/large/front/6/5/658ec634-3eb2-4967-b938-d20d31ab77e3.jpg?1616692835,https://scryfall.com/card/stx/127/dragonsguard-elite
513672,88867,STX,180,en,R,Dramatic Finale,{W/B}{W/B}{W/B}{W/B},4.0,Enchantment,Steve Argyle,2.55,3.88,0.18,,https://c1.scryfall.com/file/scryfall-cards/large/front/a/8/a8ec9be6-c8ad-4a82-8253-c49cdb9443ba.jpg?1617466096,https://scryfall.com/card/stx/180/dramatic-finale
513519,88561,STX,42,en,R,Dream Strix,{2}{U},3.0,Creature — Bird Illusion,YW Tang,1.16,,0.21,,https://c1.scryfall.com/file/scryfall-cards/large/front/3/1/31d82f7a-64f1-463f-bb6b-936c3e49bf2b.jpg?1617445915,https://scryfall.com/card/stx/42/dream-strix
513492,88507,STX,15,en,U,Dueling Coach,{3}{W},4.0,Creature — Human Monk,Caio Monteiro,0.36,0.28,0.11,0.02,https://c1.scryfall.com/file/scryfall-cards/large/front/4/5/45b3dbb0-0d68-4351-bfc9-a09c50454bf7.jpg?1617444726,https://scryfall.com/card/stx/15/dueling-coach
513493,88509,STX,16,en,C,Eager First-Year,{1}{W},2.0,Creature — Human Wizard,Cristi Balanescu,0.21,0.29,0.03,0.01,https://c1.scryfall.com/file/scryfall-cards/large/front/7/a/7a83543b-3b6f-4e28-96f9-007b814bcfd6.jpg?1616839191,https://scryfall.com/card/stx/16/eager-first-year
513605,88733,STX,128,en,M,Ecological Appreciation,{X}{2}{G},3.0,Sorcery,Lie Setiawan,5.02,14.63,4.9,,https://c1.scryfall.com/file/scryfall-cards/large/front/1/1/115f3d72-1aaf-4237-91b9-389256e5e5c8.jpg?1617219410,https://scryfall.com/card/stx/128/ecological-appreciation
513575,88673,STX,98,en,R,Efreet Flamepainter,{3}{R},4.0,Creature — Efreet Shaman,Marta Nael,0.62,2.19,0.53,,https://c1.scryfall.com/file/scryfall-cards/large/front/d/9/d9f0731c-2a3d-4613-bffa-8b967e4f142e.jpg?1617448039,https://scryfall.com/card/stx/98/efreet-flamepainter
513673,88869,STX,181,en,R,Elemental Expressionist,{U/R}{U/R}{U/R}{U/R},4.0,Creature — Orc Wizard,Zack Stella,0.49,2.98,0.17,,https://c1.scryfall.com/file/scryfall-cards/large/front/7/4/7473db42-905b-4fda-af8c-fd24d906b642.jpg?1617583490,https://scryfall.com/card/stx/181/elemental-expressionist
513674,88871,STX,182,en,C,Elemental Masterpiece,{5}{U}{R},7.0,Sorcery,Marta Nael,0.24,0.44,0.08,0.01,https://c1.scryfall.com/file/scryfall-cards/large/front/4/3/4331a7a6-e98e-4517-b0f9-ace379426a94.jpg?1617225898,https://scryfall.com/card/stx/182/elemental-masterpiece
513675,88873,STX,183,en,C,Elemental Summoning,{3}{U/R}{U/R},5.0,Sorcery — Lesson,Marta Nael,0.24,0.38,0.06,0.01,https://c1.scryfall.com/file/scryfall-cards/large/front/e/a/ea51991c-1589-4c62-965b-5ae8d233520b.jpg?1617451492,https://scryfall.com/card/stx/183/elemental-summoning
513494,88511,STX,17,en,R,Elite Spellbinder,{2}{W},3.0,Creature — Human Cleric,Ryan Pancoast,2.75,5.25,4.21,,https://c1.scryfall.com/file/scryfall-cards/large/front/9/d/9d3a7998-ccac-45ad-a4e9-3a2cb057f63b.jpg?1617444842,https://scryfall.com/card/stx/17/elite-spellbinder
513606,88735,STX,129,en,U,Emergent Sequence,{1}{G},2.0,Sorcery,Andreas Zafiratos,0.53,0.45,0.19,0.02,https://c1.scryfall.com/file/scryfall-cards/large/front/0/4/04a81975-5f0e-4593-a2da-b9689f9a985f.jpg?1617449481,https://scryfall.com/card/stx/129/emergent-sequence
513576,88675,STX,99,en,C,Enthusiastic Study,{2}{R},3.0,Instant,Jesper Ejsing,0.32,0.36,0.05,0.01,https://c1.scryfall.com/file/scryfall-cards/large/front/5/4/543c64ff-2c51-4a63-a940-dc8645717c85.jpg?1616785356,https://scryfall.com/card/stx/99/enthusiastic-study
513477,88477,STX,1,en,C,Environmental Sciences,{2},2.0,Sorcery — Lesson,Jokubas Uogintas,0.4,0.7,0.08,0.01,https://c1.scryfall.com/file/scryfall-cards/large/front/4/6/46b394fc-a99c-44e7-9226-da0699167541.jpg?1616785604,https://scryfall.com/card/stx/1/environmental-sciences
513546,88615,STX,69,en,C,Essence Infusion,{1}{B},2.0,Sorcery,Randy Vargas,0.21,,0.07,0.01,https://c1.scryfall.com/file/scryfall-cards/large/front/7/1/71a48d0c-1e5b-43f2-8974-e2e5bb06310d.jpg?1617447003,https://scryfall.com/card/stx/69/essence-infusion
513676,88875,STX,184,en,C,Eureka Moment,{2}{G}{U},4.0,Instant,Anna Steinbauer,1.12,0.85,0.08,0.01,https://c1.scryfall.com/file/scryfall-cards/large/front/e/4/e400c9b7-c789-49dd-9f72-b9d1df03fcca.jpg?1617223630,https://scryfall.com/card/stx/184/eureka-moment
513747,89017,STX,255,en,C,Excavated Wall,{1},1.0,Artifact Creature — Wall,Zezhou Chen,0.23,0.43,0.02,0.02,https://c1.scryfall.com/file/scryfall-cards/large/front/f/e/fed54d00-b11f-4529-864c-63a114617b36.jpg?1617407124,https://scryfall.com/card/stx/255/excavated-wall
513677,88877,STX,185,en,C,Exhilarating Elocution,{2}{W}{B},4.0,Sorcery,Randy Vargas,0.26,0.38,0.09,0.01,https://c1.scryfall.com/file/scryfall-cards/large/front/8/4/8468417d-7ef5-43e0-9190-e88f3eed9e82.jpg?1617317681,https://scryfall.com/card/stx/185/exhilarating-elocution
513478,88479,STX,2,en,C,Expanded Anatomy,{3},3.0,Sorcery — Lesson,Slawomir Maniak,0.25,0.41,0.08,0.01,https://c1.scryfall.com/file/scryfall-cards/large/front/c/5/c5642b9d-0daa-4e6b-ad48-f88dd37d6574.jpg?1617449955,https://scryfall.com/card/stx/2/expanded-anatomy
513495,88513,STX,18,en,C,Expel,{2}{W},3.0,Instant,Billy Christian,0.25,0.38,0.07,0.01,https://c1.scryfall.com/file/scryfall-cards/large/front/b/e/be517a58-b7ee-4213-98a5-8c19e1b2def6.jpg?1617444818,https://scryfall.com/card/stx/18/expel
513577,88677,STX,100,en,U,Explosive Welcome,{7}{R},8.0,Instant,Mathias Kollros,0.29,,0.1,0.02,https://c1.scryfall.com/file/scryfall-cards/large/front/1/2/122c01e6-38a6-456e-971e-9004df85ac1c.jpg?1617133828,https://scryfall.com/card/stx/100/explosive-welcome
513607,88737,STX,130,en,R,Exponential Growth,{X}{X}{G}{G},2.0,Sorcery,Izzy,2.06,,0.19,,https://c1.scryfall.com/file/scryfall-cards/large/front/7/c/7c129bb7-9489-44bd-a46d-c5f738bf9d25.jpg?1617407051,https://scryfall.com/card/stx/130/exponential-growth
513678,88879,STX,186,en,U,Expressive Iteration,{U}{R},2.0,Sorcery,Anastasia Ovchinnikova,0.36,0.67,0.22,0.21,https://c1.scryfall.com/file/scryfall-cards/large/front/3/1/31b770cc-09e7-4c0b-b2a4-462ab4f7200d.jpg?1617451529,https://scryfall.com/card/stx/186/expressive-iteration
516912,88781,STX,149,en,M,"Extus, Oriq Overlord // Awaken the Blood Avatar",{1}{W}{B}{B} // {6}{B}{R},4.0,Legendary Creature — Human Warlock // Sorcery,Chase Stone & Kekai Kotaki,4.56,8.72,3.77,,https://c1.scryfall.com/file/scryfall-cards/large/front/b/a/ba09360a-067e-48a5-bdc5-a19fd066a785.jpg?1617453022,https://scryfall.com/card/stx/149/extus-oriq-overlord-awaken-the-blood-avatar
513547,88617,STX,70,en,U,Eyetwitch,{B},1.0,Creature — Eye Bat,Karl Kopinski,0.31,0.38,0.09,0.02,https://c1.scryfall.com/file/scryfall-cards/large/front/1/f/1f4d1bb6-cb8f-4d01-9879-0b3a0585cbf4.jpg?1617447060,https://scryfall.com/card/stx/70/eyetwitch
513578,88679,STX,101,en,R,Fervent Mastery,{3}{R}{R},5.0,Sorcery,Sean Sevestre,0.62,4.69,0.23,,https://c1.scryfall.com/file/scryfall-cards/large/front/1/f/1f824caf-b32c-442a-8631-887831a57360.jpg?1617223459,https://scryfall.com/card/stx/101/fervent-mastery
513608,88739,STX,131,en,C,Field Trip,{2}{G},3.0,Sorcery,Piotr Dura,0.38,0.38,0.09,0.02,https://c1.scryfall.com/file/scryfall-cards/large/front/f/2/f235060a-eb49-4a73-bb5f-01228c3c4070.jpg?1616838784,https://scryfall.com/card/stx/131/field-trip
513579,88681,STX,102,en,C,First Day of Class,{1}{R},2.0,Instant,Paul Scott Canavan,0.23,0.35,0.06,,https://c1.scryfall.com/file/scryfall-cards/large/front/0/9/091eb13d-9318-4b12-9f94-6276b11981d1.jpg?1616723400,https://scryfall.com/card/stx/102/first-day-of-class
513631,88785,STX,150,en,R,Flamescroll Celebrant // Revel in Silence,{1}{R} // {W}{W},2.0,Creature — Human Shaman // Instant,Uriah Voth,2.12,4.34,0.4,,https://c1.scryfall.com/file/scryfall-cards/large/front/0/d/0dba25e3-2b4f-45d4-965f-3834bcb359ee.jpg?1617453074,https://scryfall.com/card/stx/150/flamescroll-celebrant-revel-in-silence
513548,88619,STX,71,en,U,Flunk,{1}{B},2.0,Instant,Randy Vargas,0.26,0.39,0.08,0.02,https://c1.scryfall.com/file/scryfall-cards/large/front/f/8/f8487884-e991-4feb-823b-90d9125edf19.jpg?1617473769,https://scryfall.com/card/stx/71/flunk
516686,88473,STX,374,en,C,Forest,"",0.0,Basic Land — Forest,Grady Frederick,,3.99,,0.01,https://c1.scryfall.com/file/scryfall-cards/large/front/d/f/dfaf517f-86a1-45eb-bd71-e0bffb610396.jpg?1616785794,https://scryfall.com/card/stx/374/forest
513609,88741,STX,132,en,U,Fortifying Draught,{G},1.0,Instant,Andrey Kuzinskiy,0.32,1.79,0.09,0.06,https://c1.scryfall.com/file/scryfall-cards/large/front/6/7/6789b717-a000-464a-a39b-32c1aeefe560.jpg?1617232680,https://scryfall.com/card/stx/132/fortifying-draught
513679,88881,STX,187,en,C,Fractal Summoning,{X}{G/U}{G/U},2.0,Sorcery — Lesson,Livia Prima,0.23,0.43,0.11,0.01,https://c1.scryfall.com/file/scryfall-cards/large/front/c/c/cc3f1f7e-eb19-49c1-a1ee-93b85ac8815c.jpg?1617451745,https://scryfall.com/card/stx/187/fractal-summoning
513680,88883,STX,188,en,U,Fracture,{W}{B},2.0,Instant,Miranda Meeks,1.68,4.77,0.57,,https://c1.scryfall.com/file/scryfall-cards/large/front/a/1/a11224f8-06ea-4ec3-85e6-d5c8d906840c.jpg?1617466038,https://scryfall.com/card/stx/188/fracture
513757,89037,STX,265,en,R,Frostboil Snarl,"",0.0,Land,Sam Burley,2.87,4.21,1.96,,https://c1.scryfall.com/file/scryfall-cards/large/front/c/2/c22ba565-da08-4957-93bb-8d266fe0b0d8.jpg?1617453649,https://scryfall.com/card/stx/265/frostboil-snarl
513520,88563,STX,43,en,C,Frost Trickster,{2}{U},3.0,Creature — Bird Wizard,Uriah Voth,0.24,0.41,0.09,0.03,https://c1.scryfall.com/file/scryfall-cards/large/front/f/d/fd79c9cc-0a8c-4d88-96e2-cb177134a18d.jpg?1617143952,https://scryfall.com/card/stx/43/frost-trickster
513580,88683,STX,103,en,C,Fuming Effigy,{3}{R},4.0,Creature — Spirit,Ryan Alexander Lee,0.24,0.48,0.08,0.01,https://c1.scryfall.com/file/scryfall-cards/large/front/7/c/7ce76a38-fc5f-4e29-ba24-4a877179a62c.jpg?1617312134,https://scryfall.com/card/stx/103/fuming-effigy
513758,89039,STX,266,en,R,Furycalm Snarl,"",0.0,Land,Sam Burley,2.37,10.0,1.86,,https://c1.scryfall.com/file/scryfall-cards/large/front/5/3/53e33f37-7fd1-4431-a032-cd61b644401c.jpg?1617453680,https://scryfall.com/card/stx/266/furycalm-snarl
513681,88885,STX,189,en,M,Galazeth Prismari,{2}{U}{R},4.0,Legendary Creature — Elder Dragon,Raymond Swanland,23.4,19.42,10.27,,https://c1.scryfall.com/file/scryfall-cards/large/front/0/6/06c9158c-064b-4d12-b860-d2c1450d1897.jpg?1617232208,https://scryfall.com/card/stx/189/galazeth-prismari
513610,88743,STX,133,en,R,Gnarled Professor,{2}{G}{G},4.0,Creature — Treefolk Druid,Simon Dominic,0.86,5.0,0.31,0.14,https://c1.scryfall.com/file/scryfall-cards/large/front/a/3/a32338e8-1f6a-49b9-bd93-26578adab6b3.jpg?1617317960,https://scryfall.com/card/stx/133/gnarled-professor
513549,88621,STX,72,en,U,Go Blank,{2}{B},3.0,Sorcery,Wylie Beckert,0.31,0.42,0.12,0.01,https://c1.scryfall.com/file/scryfall-cards/large/front/8/4/846e8657-7435-44c6-a997-b8b156d0cd2c.jpg?1617071118,https://scryfall.com/card/stx/72/go-blank
513682,88887,STX,190,en,U,Golden Ratio,{1}{G}{U},3.0,Sorcery,Alix Branwyn,0.29,0.39,0.09,0.03,https://c1.scryfall.com/file/scryfall-cards/large/front/6/2/626fbddb-3963-4dd2-8507-9777ed66bbbc.jpg?1617144288,https://scryfall.com/card/stx/190/golden-ratio
513581,88685,STX,104,en,U,Grinning Ignus,{2}{R},3.0,Creature — Elemental,Alayna Danner,0.25,0.39,0.05,0.01,https://c1.scryfall.com/file/scryfall-cards/large/front/c/f/cfa04897-6438-45e5-a10b-2e8afaf2b9eb.jpg?1617448083,https://scryfall.com/card/stx/104/grinning-ignus
513496,88515,STX,19,en,C,Guiding Voice,{W},1.0,Sorcery,Steve Argyle,0.37,0.39,0.06,0.01,https://c1.scryfall.com/file/scryfall-cards/large/front/d/6/d6fb3163-12ca-4a7f-a0c7-b8ddfc9408a0.jpg?1617613003,https://scryfall.com/card/stx/19/guiding-voice
513582,88687,STX,105,en,U,Hall Monitor,{R},1.0,Creature — Lizard Shaman,Forrest Imel,0.25,,0.09,0.03,https://c1.scryfall.com/file/scryfall-cards/large/front/0/2/02fdc551-0b22-49f4-8765-143ad82f16a3.jpg?1617221503,https://scryfall.com/card/stx/105/hall-monitor
513759,89041,STX,267,en,R,Hall of Oracles,"",0.0,Land,Piotr Dura,1.0,2.98,0.42,,https://c1.scryfall.com/file/scryfall-cards/large/front/7/6/7642dddd-4461-46dd-b396-9e0a89f7232e.jpg?1617736051,https://scryfall.com/card/stx/267/hall-of-oracles
513683,88889,STX,191,en,M,Harness Infinity,{1}{B}{B}{B}{G}{G}{G},7.0,Instant,Seb McKinnon,8.76,,2.77,,https://c1.scryfall.com/file/scryfall-cards/large/front/f/7/f74120ce-9f11-449f-bb72-04fe2a27a9f6.jpg?1617407011,https://scryfall.com/card/stx/191/harness-infinity
513583,88689,STX,106,en,C,Heated Debate,{2}{R},3.0,Instant,Bayard Wu,0.23,0.44,0.02,0.01,https://c1.scryfall.com/file/scryfall-cards/large/front/f/4/f40c88e2-28ed-4e5b-bcb3-4397d6a15a6f.jpg?1617448114,https://scryfall.com/card/stx/106/heated-debate
513684,88891,STX,192,en,M,Hofri Ghostforge,{3}{R}{W},5.0,Legendary Creature — Dwarf Cleric,Daarken,2.63,8.07,2.77,,https://c1.scryfall.com/file/scryfall-cards/large/front/b/d/bd8deecf-eded-418b-ac4c-5c3e8f54e86d.jpg?1617071946,https://scryfall.com/card/stx/192/hofri-ghostforge
513611,88745,STX,134,en,U,Honor Troll,{2}{G},3.0,Creature — Troll Druid,Jesper Ejsing,0.24,0.38,0.09,0.02,https://c1.scryfall.com/file/scryfall-cards/large/front/a/9/a9c6a6b9-f00c-46a5-8dab-796483e3a262.jpg?1617449561,https://scryfall.com/card/stx/134/honor-troll
513685,88893,STX,193,en,U,Humiliate,{W}{B},2.0,Sorcery,Randy Vargas,0.24,0.42,0.17,0.04,https://c1.scryfall.com/file/scryfall-cards/large/front/d/c/dc3ae8cb-fbdb-45a8-83c2-cbf4aff01f90.jpg?1617317580,https://scryfall.com/card/stx/193/humiliate
513550,88623,STX,73,en,C,Hunt for Specimens,{1}{B},2.0,Sorcery,Randy Vargas,0.22,0.39,0.05,0.01,https://c1.scryfall.com/file/scryfall-cards/large/front/8/f/8ff0f47f-75cb-42b0-ba4d-78522cad9861.jpg?1617406063,https://scryfall.com/card/stx/73/hunt-for-specimens
513584,88691,STX,107,en,U,Igneous Inspiration,{2}{R},3.0,Sorcery,PINDURSKI,0.33,0.39,0.11,0.02,https://c1.scryfall.com/file/scryfall-cards/large/front/5/7/5781ad7b-dc1b-4cc1-9e72-6e714b9ba1de.jpg?1617448139,https://scryfall.com/card/stx/107/igneous-inspiration
513585,88693,STX,108,en,R,Illuminate History,{2}{R}{R},4.0,Sorcery — Lesson,Jokubas Uogintas,1.81,1.91,0.18,,https://c1.scryfall.com/file/scryfall-cards/large/front/9/8/98739789-80b5-4224-a2e4-09e00654aa9d.jpg?1617148587,https://scryfall.com/card/stx/108/illuminate-history
513586,88695,STX,109,en,C,Illustrious Historian,{1}{R},2.0,Creature — Human Shaman,Brian Valeza,,,0.03,0.01,https://c1.scryfall.com/file/scryfall-cards/large/front/5/6/56cc4e7d-3b06-4938-9023-d903912350c0.jpg?1617072918,https://scryfall.com/card/stx/109/illustrious-historian
513686,88895,STX,194,en,C,Infuse with Vitality,{B}{G},2.0,Instant,Andrey Kuzinskiy,0.24,0.39,0.05,0.03,https://c1.scryfall.com/file/scryfall-cards/large/front/8/4/840600a9-3e78-48a6-b75b-860446b82c1b.jpg?1617407528,https://scryfall.com/card/stx/194/infuse-with-vitality
513521,88565,STX,44,en,R,Ingenious Mastery,{X}{2}{U},3.0,Sorcery,Cristi Balanescu,1.19,4.35,0.19,,https://c1.scryfall.com/file/scryfall-cards/large/front/2/3/2386d020-a9ae-4d54-b5e4-f2cb5a7298cc.jpg?1617565277,https://scryfall.com/card/stx/44/ingenious-mastery
513687,88897,STX,195,en,C,Inkling Summoning,{1}{W/B}{W/B},3.0,Sorcery — Lesson,Scott Murphy,0.25,0.35,0.05,0.01,https://c1.scryfall.com/file/scryfall-cards/large/front/0/4/04a8a5b8-9743-4d1a-89e9-61bdf180b2e0.jpg?1617463986,https://scryfall.com/card/stx/195/inkling-summoning
513479,88481,STX,3,en,C,Introduction to Annihilation,{5},5.0,Sorcery — Lesson,Nicholas Gregory,0.24,0.61,0.06,0.01,https://c1.scryfall.com/file/scryfall-cards/large/front/b/0/b0bc4682-bcaf-4f51-be0b-9f2851a16e3b.jpg?1616723512,https://scryfall.com/card/stx/3/introduction-to-annihilation
513480,88483,STX,4,en,C,Introduction to Prophecy,{3},3.0,Sorcery — Lesson,Micah Epstein,0.23,0.54,0.06,0.02,https://c1.scryfall.com/file/scryfall-cards/large/front/7/8/7820923e-bad2-4d6a-92b3-97b9737d2ca9.jpg?1616723571,https://scryfall.com/card/stx/4/introduction-to-prophecy
516680,88461,STX,368,en,C,Island,"",0.0,Basic Land — Island,Adam Paquette,,,,0.01,https://c1.scryfall.com/file/scryfall-cards/large/front/c/9/c96f9fb6-ef52-43f9-a458-8602a7c83333.jpg?1616785722,https://scryfall.com/card/stx/368/island
513632,88789,STX,151,en,M,"Jadzi, Oracle of Arcavios // Journey to the Oracle",{6}{U}{U} // {2}{G}{G},8.0,Legendary Creature — Human Wizard // Sorcery,Chris Rahn,14.7,24.3,6.14,,https://c1.scryfall.com/file/scryfall-cards/large/front/d/7/d7148d24-373e-4485-860b-c3429c2337f2.jpg?1618163722,https://scryfall.com/card/stx/151/jadzi-oracle-of-arcavios-journey-to-the-oracle
513612,88747,STX,135,en,U,Karok Wrangler,{4}{G},5.0,Creature — Elf Druid,Dan Scott,0.23,,0.07,0.02,https://c1.scryfall.com/file/scryfall-cards/large/front/7/4/74729320-f6ee-4176-9463-397d6e477d7a.jpg?1617451083,https://scryfall.com/card/stx/135/karok-wrangler
513688,88899,STX,196,en,M,"Kasmina, Enigma Sage",{1}{G}{U},3.0,Legendary Planeswalker — Kasmina,Tyler Jacobson,16.46,24.99,7.26,,https://c1.scryfall.com/file/scryfall-cards/large/front/1/7/178bf300-38cf-4ab2-9e66-6fcaa112b649.jpg?1617452081,https://scryfall.com/card/stx/196/kasmina-enigma-sage
513522,88567,STX,45,en,U,Kelpie Guide,{2}{U},3.0,Creature — Beast,Ilse Gort,0.33,0.39,0.1,0.02,https://c1.scryfall.com/file/scryfall-cards/large/front/0/1/0112ebfb-55ad-401c-9dc5-ffd829f5b5bf.jpg?1617446089,https://scryfall.com/card/stx/45/kelpie-guide
516918,88793,STX,152,en,R,"Kianne, Dean of Substance // Imbraham, Dean of Theory",{2}{G} // {2}{U}{U},3.0,Legendary Creature — Elf Druid // Legendary Creature — Bird Wizard,Ryan Pancoast,1.3,,0.23,,https://c1.scryfall.com/file/scryfall-cards/large/front/8/b/8b45dc40-6827-46a7-a9b7-802be698d053.jpg?1617453130,https://scryfall.com/card/stx/152/kianne-dean-of-substance-imbraham-dean-of-theory
513689,88901,STX,197,en,U,"Killian, Ink Duelist",{W}{B},2.0,Legendary Creature — Human Warlock,Ryan Pancoast,0.45,3.82,0.12,,https://c1.scryfall.com/file/scryfall-cards/large/front/2/3/23ef4f09-2aa1-4a03-b2e2-66d1522f1e46.jpg?1617316955,https://scryfall.com/card/stx/197/killian-ink-duelist
513551,88625,STX,74,en,C,Lash of Malice,{B},1.0,Instant,Slawomir Maniak,0.32,0.38,0.05,0.01,https://c1.scryfall.com/file/scryfall-cards/large/front/a/f/af3da2c6-29ed-4563-8bae-d1cc05df8897.jpg?1617409903,https://scryfall.com/card/stx/74/lash-of-malice
513552,88627,STX,75,en,C,Leech Fanatic,{1}{B},2.0,Creature — Human Warlock,Sean Sevestre,0.22,0.38,,0.01,https://c1.scryfall.com/file/scryfall-cards/large/front/3/0/307f9fe7-241b-4eb6-a059-be5384b4a1b6.jpg?1617447211,https://scryfall.com/card/stx/75/leech-fanatic
513497,88517,STX,20,en,R,Leonin Lightscribe,{1}{W},2.0,Creature — Cat Cleric,Steven Belledin,0.97,3.4,0.99,,https://c1.scryfall.com/file/scryfall-cards/large/front/2/a/2a465d7b-398c-444b-9eae-331ea2513f6d.jpg?1618272917,https://scryfall.com/card/stx/20/leonin-lightscribe
513748,89019,STX,256,en,C,Letter of Acceptance,{3},3.0,Artifact,Daniel Ljunggren,0.23,0.38,0.07,0.02,https://c1.scryfall.com/file/scryfall-cards/large/front/3/4/34750231-34aa-401c-b192-47b56588923a.jpg?1617224460,https://scryfall.com/card/stx/256/letter-of-acceptance
513613,88749,STX,136,en,C,Leyline Invocation,{5}{G},6.0,Sorcery,Liiga Smilshkalne,0.24,0.48,0.08,0.02,https://c1.scryfall.com/file/scryfall-cards/large/front/4/e/4edfbed0-0c0d-4aa5-bfe0-5268aff0f958.jpg?1617449721,https://scryfall.com/card/stx/136/leyline-invocation
513690,88903,STX,198,en,U,Lorehold Apprentice,{R}{W},2.0,Creature — Human Cleric,Manuel Castañón,0.62,1.37,0.1,0.03,https://c1.scryfall.com/file/scryfall-cards/large/front/0/4/048157c6-4626-4881-ba19-deddd13622dc.jpg?1616696210,https://scryfall.com/card/stx/198/lorehold-apprentice
513760,89043,STX,268,en,C,Lorehold Campus,"",0.0,Land,Titus Lunter,0.4,0.74,0.06,0.01,https://c1.scryfall.com/file/scryfall-cards/large/front/d/3/d35461cf-becf-4399-8329-64b4496b7fc2.jpg?1617453746,https://scryfall.com/card/stx/268/lorehold-campus
513691,88905,STX,199,en,R,Lorehold Command,{3}{R}{W},5.0,Instant,Jason Rainville,2.04,3.77,0.27,,https://c1.scryfall.com/file/scryfall-cards/large/front/e/4/e4f0885f-1049-4a19-853d-f4e6d4bec29e.jpg?1614152837,https://scryfall.com/card/stx/199/lorehold-command
513692,88907,STX,200,en,U,Lorehold Excavation,{R}{W},2.0,Enchantment,Jinho Bae,0.24,0.39,0.12,0.02,https://c1.scryfall.com/file/scryfall-cards/large/front/4/3/43105beb-46f3-4914-8222-4907bd76d48f.jpg?1617070633,https://scryfall.com/card/stx/200/lorehold-excavation
513693,88909,STX,201,en,C,Lorehold Pledgemage,{1}{R/W}{R/W},3.0,Creature — Kor Shaman,Jake Murray,0.23,,0.03,0.01,https://c1.scryfall.com/file/scryfall-cards/large/front/7/9/79b88b38-6b5a-4a89-80ca-add79c11e8b9.jpg?1617070889,https://scryfall.com/card/stx/201/lorehold-pledgemage
513694,88911,STX,202,en,U,Maelstrom Muse,{1}{U}{U/R}{R},4.0,Creature — Djinn Wizard,Michele Parisi,,,0.12,0.02,https://c1.scryfall.com/file/scryfall-cards/large/front/5/5/5516e81e-16ea-411c-9df0-ed3b03670220.jpg?1617452201,https://scryfall.com/card/stx/202/maelstrom-muse
513614,88751,STX,137,en,C,Mage Duel,{2}{G},3.0,Sorcery,Randy Vargas,0.25,0.49,0.05,0.01,https://c1.scryfall.com/file/scryfall-cards/large/front/9/2/92325638-0321-4409-8910-2287c64c182e.jpg?1617408951,https://scryfall.com/card/stx/137/mage-duel
513553,88629,STX,76,en,U,Mage Hunter,{3}{B},4.0,Creature — Horror,Mathias Kollros,0.31,0.38,0.09,0.03,https://c1.scryfall.com/file/scryfall-cards/large/front/5/6/56fcbe4a-2d98-4fa9-a6c3-e28255171a4d.jpg?1617447326,https://scryfall.com/card/stx/76/mage-hunter
513554,88631,STX,77,en,C,Mage Hunters' Onslaught,{2}{B}{B},4.0,Sorcery,Lie Setiawan,0.27,0.38,0.09,0.01,https://c1.scryfall.com/file/scryfall-cards/large/front/e/d/ed85140f-f0e0-4ac1-a67f-26d17ff95e31.jpg?1617613074,https://scryfall.com/card/stx/77/mage-hunters-onslaught
513695,88913,STX,203,en,M,Magma Opus,{6}{U}{R},8.0,Instant,Liiga Smilshkalne,1.64,,2.09,,https://c1.scryfall.com/file/scryfall-cards/large/front/2/7/27c914a3-2294-4feb-9450-c012cfd307a6.jpg?1617148687,https://scryfall.com/card/stx/203/magma-opus
513696,88915,STX,204,en,C,Make Your Mark,{R/W},1.0,Instant,Bryan Sola,0.23,0.36,0.06,0.03,https://c1.scryfall.com/file/scryfall-cards/large/front/7/e/7e937830-3804-44e8-b9d0-3e5f5cf39eab.jpg?1617452272,https://scryfall.com/card/stx/204/make-your-mark
513697,88917,STX,205,en,R,Manifestation Sage,{G/U}{G/U}{G/U}{G/U},4.0,Creature — Human Wizard,Darren Tan,0.64,,0.21,,https://c1.scryfall.com/file/scryfall-cards/large/front/7/6/76fc5cd2-fbb0-4d13-9089-0292b356de48.jpg?1617225210,https://scryfall.com/card/stx/205/manifestation-sage
513481,88485,STX,5,en,M,Mascot Exhibition,{7},7.0,Sorcery — Lesson,Randy Vargas,1.86,2.64,1.52,,https://c1.scryfall.com/file/scryfall-cards/large/front/2/0/2047592c-739c-41dd-b3e8-31ae1c7688ab.jpg?1617315983,https://scryfall.com/card/stx/5/mascot-exhibition
513587,88697,STX,110,en,U,Mascot Interception,{3}{R},4.0,Sorcery,Bryan Sola,0.25,,0.08,0.02,https://c1.scryfall.com/file/scryfall-cards/large/front/8/f/8f0ea66f-1756-4b0d-8ccc-3b3a7370b531.jpg?1617314256,https://scryfall.com/card/stx/110/mascot-interception
513615,88753,STX,138,en,U,Master Symmetrist,{2}{G}{G},4.0,Creature — Rhino Druid,Forrest Imel,0.29,0.44,0.07,0.02,https://c1.scryfall.com/file/scryfall-cards/large/front/2/5/255cdc39-6ad8-4831-9718-6712cb17654c.jpg?1617449750,https://scryfall.com/card/stx/138/master-symmetrist
513498,88519,STX,21,en,M,"Mavinda, Students' Advocate",{2}{W},3.0,Legendary Creature — Bird Advisor,Wesley Burt,4.78,,3.49,,https://c1.scryfall.com/file/scryfall-cards/large/front/8/b/8b3d521f-31cd-4bd2-b6b6-771c79252789.jpg?1617374875,https://scryfall.com/card/stx/21/mavinda-students-advocate
513523,88569,STX,46,en,U,Mentor's Guidance,{2}{U},3.0,Sorcery,Brian Valeza,0.23,0.41,0.08,0.02,https://c1.scryfall.com/file/scryfall-cards/large/front/0/d/0dbb1230-a465-4499-bb9c-35a06712a08b.jpg?1617314533,https://scryfall.com/card/stx/46/mentors-guidance
513524,88571,STX,47,en,U,Mercurial Transformation,{1}{U},2.0,Sorcery — Lesson,Craig J Spearing,0.2,0.44,0.09,0.02,https://c1.scryfall.com/file/scryfall-cards/large/front/a/d/adcbe115-5482-4e5a-95bb-8ccbb01d3547.jpg?1617446173,https://scryfall.com/card/stx/47/mercurial-transformation
516789,88797,STX,153,en,M,"Mila, Crafty Companion // Lukka, Wayward Bonder",{1}{W}{W} // {4}{R}{R},3.0,Legendary Creature — Fox // Legendary Planeswalker — Lukka,Kieran Yanner,9.24,17.37,8.2,,https://c1.scryfall.com/file/scryfall-cards/large/front/8/e/8e4e0f81-f92b-4a3a-bb29-adcc3de211b4.jpg?1617363020,https://scryfall.com/card/stx/153/mila-crafty-companion-lukka-wayward-bonder
513698,88919,STX,206,en,C,Moldering Karok,{2}{B}{G},4.0,Creature — Zombie Crocodile,Nicholas Gregory,0.23,0.38,0.05,0.01,https://c1.scryfall.com/file/scryfall-cards/large/front/7/0/70c2ef30-0db5-4ef5-999c-7ffa48769421.jpg?1617452238,https://scryfall.com/card/stx/206/moldering-karok
513699,88921,STX,207,en,U,Mortality Spear,{2}{B}{G},4.0,Instant,PINDURSKI,0.31,0.81,0.39,0.03,https://c1.scryfall.com/file/scryfall-cards/large/front/f/1/f1f39fe7-dc12-49c9-80ac-4135dc1f8f08.jpg?1617409248,https://scryfall.com/card/stx/207/mortality-spear
516684,88469,STX,372,en,C,Mountain,"",0.0,Basic Land — Mountain,Jonas De Ro,,,,0.01,https://c1.scryfall.com/file/scryfall-cards/large/front/9/6/9660fb20-f499-4f7a-9f25-e463f095ab90.jpg?1616785766,https://scryfall.com/card/stx/372/mountain
513525,88573,STX,48,en,R,Multiple Choice,{X}{U},1.0,Sorcery,Campbell White,3.05,,1.16,,https://c1.scryfall.com/file/scryfall-cards/large/front/0/8/08c9890f-7081-42f6-89eb-35c83911b443.jpg?1617222081,https://scryfall.com/card/stx/48/multiple-choice
513761,89045,STX,269,en,R,Necroblossom Snarl,"",0.0,Land,Sam Burley,2.74,4.6,1.84,,https://c1.scryfall.com/file/scryfall-cards/large/front/b/0/b0aed316-c28a-4c1a-a0a3-ab75ceba3ee7.jpg?1617453777,https://scryfall.com/card/stx/269/necroblossom-snarl
513555,88633,STX,78,en,U,Necrotic Fumes,{1}{B}{B},3.0,Sorcery — Lesson,David Rapoza,0.3,1.98,0.06,0.02,https://c1.scryfall.com/file/scryfall-cards/large/front/5/e/5e1b68a4-fb8d-4b59-b049-73505296f775.jpg?1617447296,https://scryfall.com/card/stx/78/necrotic-fumes
513700,88923,STX,208,en,C,Needlethorn Drake,{G}{U},2.0,Creature — Drake,Donato Giancola,0.23,0.49,0.07,0.02,https://c1.scryfall.com/file/scryfall-cards/large/front/9/c/9c0cf2c4-723e-46c4-b2aa-4c957177209a.jpg?1617452305,https://scryfall.com/card/stx/208/needlethorn-drake
513556,88635,STX,79,en,C,Novice Dissector,{3}{B},4.0,Creature — Troll Warlock,Mads Ahm,0.23,0.29,0.07,0.01,https://c1.scryfall.com/file/scryfall-cards/large/front/4/c/4c4677bc-736b-4bf2-851e-b158718a4224.jpg?1617315879,https://scryfall.com/card/stx/79/novice-dissector
513701,88925,STX,209,en,C,Oggyar Battle-Seer,{3}{U}{R},5.0,Creature — Ogre Shaman,Karl Kopinski,,0.38,0.09,0.01,https://c1.scryfall.com/file/scryfall-cards/large/front/a/3/a38329f1-af6e-47b8-86e4-f2a39e1edbf8.jpg?1617219147,https://scryfall.com/card/stx/209/oggyar-battle-seer
513557,88637,STX,80,en,R,Oriq Loremage,{2}{B}{B},4.0,Creature — Human Warlock,JiHun Lee,1.07,4.91,0.44,,https://c1.scryfall.com/file/scryfall-cards/large/front/2/5/25214a91-2f64-46ee-9834-7fbf684800f7.jpg?1618273560,https://scryfall.com/card/stx/80/oriq-loremage
513616,88755,STX,139,en,U,Overgrown Arch,{1}{G},2.0,Creature — Plant Wall,Simon Dominic,0.23,0.49,0.06,0.02,https://c1.scryfall.com/file/scryfall-cards/large/front/a/7/a71dddf5-8f72-4018-9cc8-5f63a17f1ee5.jpg?1617464053,https://scryfall.com/card/stx/139/overgrown-arch
513702,88927,STX,210,en,C,Owlin Shieldmage,{3}{W}{B},5.0,Creature — Bird Warlock,Raoul Vitale,0.22,2.99,0.09,0.01,https://c1.scryfall.com/file/scryfall-cards/large/front/d/3/d3350367-42bd-44af-be13-ad31c002f8ac.jpg?1617452335,https://scryfall.com/card/stx/210/owlin-shieldmage
516920,88801,STX,154,en,R,Pestilent Cauldron // Restorative Burst,{2}{B} // {3}{G}{G},3.0,Artifact // Sorcery,Dan Scott,1.41,2.92,0.47,,https://c1.scryfall.com/file/scryfall-cards/large/front/a/a/aaa1e6be-08cc-4ccc-b2de-3511613e4fd0.jpg?1617612926,https://scryfall.com/card/stx/154/pestilent-cauldron-restorative-burst
513703,88929,STX,211,en,C,Pest Summoning,{1}{B/G}{B/G},3.0,Sorcery — Lesson,Zoltan Boros,0.25,0.38,0.05,0.01,https://c1.scryfall.com/file/scryfall-cards/large/front/6/2/6267e19a-a777-4767-8433-86b6624362b6.jpg?1616705365,https://scryfall.com/card/stx/211/pest-summoning
513588,88699,STX,111,en,C,Pigment Storm,{3}{R}{R},5.0,Sorcery,Bayard Wu,,0.38,0.05,0.01,https://c1.scryfall.com/file/scryfall-cards/large/front/d/2/d285a7a1-bb7e-4a78-a49f-c2add62b829a.jpg?1617406896,https://scryfall.com/card/stx/111/pigment-storm
513499,88521,STX,22,en,C,Pilgrim of the Ages,{2}{W},3.0,Creature — Spirit,JiHun Lee,0.23,0.44,0.06,0.02,https://c1.scryfall.com/file/scryfall-cards/large/front/c/8/c86714f5-e909-413f-8eb6-99dbea4d1897.jpg?1618273639,https://scryfall.com/card/stx/22/pilgrim-of-the-ages
513500,88523,STX,23,en,C,Pillardrop Rescuer,{4}{W},5.0,Creature — Spirit Cleric,Jason A. Engle,0.21,,0.08,0.01,https://c1.scryfall.com/file/scryfall-cards/large/front/0/8/0884666e-8f9b-44b1-a1e3-c1c8941e2152.jpg?1617473853,https://scryfall.com/card/stx/23/pillardrop-rescuer
513589,88701,STX,112,en,C,Pillardrop Warden,{3}{R},4.0,Creature — Spirit Dwarf,Antonio José Manzanedo,0.23,,0.15,0.01,https://c1.scryfall.com/file/scryfall-cards/large/front/7/d/7d509f73-cd62-4116-9652-0ed801ed8b36.jpg?1617448176,https://scryfall.com/card/stx/112/pillardrop-warden
516678,88457,STX,366,en,C,Plains,"",0.0,Basic Land — Plains,Jonas De Ro,1.09,,,0.01,https://c1.scryfall.com/file/scryfall-cards/large/front/a/b/abadcf9e-46ed-4a8b-888c-0cd3756bc8ab.jpg?1616785691,https://scryfall.com/card/stx/366/plains
516922,88805,STX,155,en,R,"Plargg, Dean of Chaos // Augusta, Dean of Order",{1}{R} // {2}{W},2.0,Legendary Creature — Orc Shaman // Legendary Creature — Human Cleric,Bryan Sola,2.41,6.79,0.32,,https://c1.scryfall.com/file/scryfall-cards/large/front/5/b/5bd9b5cf-f018-48af-a081-995ce8ecc539.jpg?1617453238,https://scryfall.com/card/stx/155/plargg-dean-of-chaos-augusta-dean-of-order
513558,88639,STX,81,en,U,Plumb the Forbidden,{1}{B},2.0,Instant,Andrey Kuzinskiy,0.27,1.6,0.12,0.04,https://c1.scryfall.com/file/scryfall-cards/large/front/5/0/5034227f-3b8a-45bf-917c-c2cbd98f2192.jpg?1617551376,https://scryfall.com/card/stx/81/plumb-the-forbidden
513559,88641,STX,82,en,R,Poet's Quill,{1}{B},2.0,Artifact — Equipment,Anna Fehr,0.34,2.45,0.2,,https://c1.scryfall.com/file/scryfall-cards/large/front/e/7/e7006f43-0b10-4693-b06f-e7cf86ab4129.jpg?1617407831,https://scryfall.com/card/stx/82/poets-quill
513526,88575,STX,49,en,C,Pop Quiz,{2}{U},3.0,Instant,Matt Stewart,0.25,0.48,0.08,0.01,https://c1.scryfall.com/file/scryfall-cards/large/front/d/1/d16892d8-9d10-45de-ab79-0e645c4b5588.jpg?1616839270,https://scryfall.com/card/stx/49/pop-quiz
513704,88931,STX,212,en,U,Practical Research,{3}{U}{R},5.0,Instant,Ekaterina Burmak,0.31,0.5,0.1,0.05,https://c1.scryfall.com/file/scryfall-cards/large/front/7/4/74edd3e3-b2de-4ba0-a508-0418b0151d87.jpg?1617452364,https://scryfall.com/card/stx/212/practical-research
513705,88933,STX,213,en,U,Prismari Apprentice,{U}{R},2.0,Creature — Human Shaman,Igor Kieryluk,0.44,0.5,0.13,0.02,https://c1.scryfall.com/file/scryfall-cards/large/front/d/c/dca3aa59-c8ac-4930-abf7-0a74d657122a.jpg?1617613044,https://scryfall.com/card/stx/213/prismari-apprentice
513762,89047,STX,270,en,C,Prismari Campus,"",0.0,Land,Adam Paquette,0.22,0.29,0.05,0.02,https://c1.scryfall.com/file/scryfall-cards/large/front/7/6/768120f5-9401-4e52-924e-3374bde65b3d.jpg?1617538860,https://scryfall.com/card/stx/270/prismari-campus
513706,88935,STX,214,en,R,Prismari Command,{1}{U}{R},3.0,Instant,Johannes Voss,3.22,19.14,3.06,,https://c1.scryfall.com/file/scryfall-cards/large/front/8/6/866b7fd4-86e3-4b42-b1ea-33bad0db1f9f.jpg?1616705407,https://scryfall.com/card/stx/214/prismari-command
513707,88937,STX,215,en,C,Prismari Pledgemage,{U/R}{U/R},2.0,Creature — Orc Wizard,Marta Nael,,0.38,0.07,0.02,https://c1.scryfall.com/file/scryfall-cards/large/front/4/0/404b4c7b-5d40-4ad1-bd40-3da1d08f5c78.jpg?1617452394,https://scryfall.com/card/stx/215/prismari-pledgemage
513501,88525,STX,24,en,U,Professor of Symbology,{1}{W},2.0,Creature — Kor Cleric,Jason Rainville,0.22,1.24,0.1,0.03,https://c1.scryfall.com/file/scryfall-cards/large/front/f/4/f427cf73-9f5e-4ef5-bc4f-29ffbfda9d57.jpg?1616695655,https://scryfall.com/card/stx/24/professor-of-symbology
513617,88757,STX,140,en,C,Professor of Zoomancy,{3}{G},4.0,Creature — Bear Druid,Rudy Siswanto,0.24,0.34,0.07,0.01,https://c1.scryfall.com/file/scryfall-cards/large/front/8/3/8347f2e8-ef70-4879-860a-12f7cab25902.jpg?1617405891,https://scryfall.com/card/stx/140/professor-of-zoomancy
513560,88643,STX,83,en,M,Professor Onyx,{4}{B}{B},6.0,Legendary Planeswalker — Liliana,Kieran Yanner,20.27,29.24,12.21,,https://c1.scryfall.com/file/scryfall-cards/large/front/0/1/013eeb99-1b66-4fba-ad96-78deee901ea4.jpg?1617447443,https://scryfall.com/card/stx/83/professor-onyx
513561,88645,STX,84,en,C,Professor's Warning,{B},1.0,Instant,Kieran Yanner,0.26,0.87,0.07,0.03,https://c1.scryfall.com/file/scryfall-cards/large/front/8/6/862fded6-e474-4b20-86d8-fd9af5f25b1a.jpg?1617406648,https://scryfall.com/card/stx/84/professors-warning
513562,88647,STX,85,en,C,Promising Duskmage,{2}{B},3.0,Creature — Human Warlock,Johan Grenier,0.28,0.69,0.05,0.01,https://c1.scryfall.com/file/scryfall-cards/large/front/2/e/2ea0dff9-71c3-4d56-aa7b-e0fb9938529a.jpg?1617316703,https://scryfall.com/card/stx/85/promising-duskmage
513708,88939,STX,216,en,U,Quandrix Apprentice,{G}{U},2.0,Creature — Human Wizard,Ryan Alexander Lee,0.35,0.49,0.11,0.02,https://c1.scryfall.com/file/scryfall-cards/large/front/0/2/0291c909-bb87-47cb-9b06-5e409e654f15.jpg?1616696014,https://scryfall.com/card/stx/216/quandrix-apprentice
513763,89049,STX,271,en,C,Quandrix Campus,"",0.0,Land,Piotr Dura,0.31,0.65,0.05,0.01,https://c1.scryfall.com/file/scryfall-cards/large/front/f/7/f788da28-481b-41fa-a70c-b53db6b0f068.jpg?1617453840,https://scryfall.com/card/stx/271/quandrix-campus
513709,88941,STX,217,en,R,Quandrix Command,{1}{G}{U},3.0,Instant,Viktor Titov,1.43,4.96,0.88,,https://c1.scryfall.com/file/scryfall-cards/large/front/0/2/021b62d8-d160-47f5-bc51-0474f160d13f.jpg?1614152862,https://scryfall.com/card/stx/217/quandrix-command
513710,88943,STX,218,en,U,Quandrix Cultivator,{1}{G}{G/U}{U},4.0,Creature — Turtle Druid,Filip Burburan,0.25,0.42,0.08,0.03,https://c1.scryfall.com/file/scryfall-cards/large/front/e/3/e3ca9ff7-0dcf-4ecc-879c-957d290ad7f5.jpg?1617333578,https://scryfall.com/card/stx/218/quandrix-cultivator
513711,88945,STX,219,en,C,Quandrix Pledgemage,{1}{G/U}{G/U},3.0,Creature — Merfolk Druid,Caroline Gariba,0.23,0.45,0.06,0.02,https://c1.scryfall.com/file/scryfall-cards/large/front/0/7/07633b7f-4150-458b-89c3-d05dc0e3c4bd.jpg?1617221960,https://scryfall.com/card/stx/219/quandrix-pledgemage
513712,88947,STX,220,en,U,"Quintorius, Field Historian",{3}{R}{W},5.0,Legendary Creature — Elephant Cleric,Bryan Sola,0.42,0.43,0.11,0.03,https://c1.scryfall.com/file/scryfall-cards/large/front/0/6/06c55ef1-8e62-4d43-bd4c-b2c3c5203338.jpg?1617148598,https://scryfall.com/card/stx/220/quintorius-field-historian
513713,88949,STX,221,en,R,Radiant Scrollwielder,{2}{R}{W},4.0,Creature — Dwarf Cleric,Campbell White,0.42,1.48,0.26,,https://c1.scryfall.com/file/scryfall-cards/large/front/c/8/c8152ab0-c6fc-4568-b837-4e84129e7b57.jpg?1617452420,https://scryfall.com/card/stx/221/radiant-scrollwielder
513618,88759,STX,141,en,C,Reckless Amplimancer,{1}{G},2.0,Creature — Elf Druid,Yigit Koroglu,0.23,0.49,0.09,0.02,https://c1.scryfall.com/file/scryfall-cards/large/front/b/c/bc8072b1-6080-45cd-b1c7-353b54a55931.jpg?1617409044,https://scryfall.com/card/stx/141/reckless-amplimancer
513714,88951,STX,222,en,U,Reconstruct History,{2}{R}{W},4.0,Sorcery,Campbell White,0.29,1.93,0.18,0.02,https://c1.scryfall.com/file/scryfall-cards/large/front/3/e/3e565e38-43d5-482e-a911-ce525dfee74f.jpg?1617071273,https://scryfall.com/card/stx/222/reconstruct-history
513502,88527,STX,25,en,U,Reduce to Memory,{1}{W}{W},3.0,Sorcery — Lesson,Campbell White,0.28,0.35,0.11,0.03,https://c1.scryfall.com/file/scryfall-cards/large/front/7/b/7bfc408e-34d6-4e94-8678-4cc229cbc6f5.jpg?1617445245,https://scryfall.com/card/stx/25/reduce-to-memory
513749,89021,STX,257,en,U,Reflective Golem,{3},3.0,Artifact Creature — Golem,Daniel Ljunggren,0.23,,0.08,0.03,https://c1.scryfall.com/file/scryfall-cards/large/front/c/0/c01770c4-8848-495d-8af4-26152d45e9d3.jpg?1617450145,https://scryfall.com/card/stx/257/reflective-golem
513527,88577,STX,50,en,C,Reject,{1}{U},2.0,Instant,Zoltan Boros,0.23,2.0,0.05,0.01,https://c1.scryfall.com/file/scryfall-cards/large/front/d/7/d77f0731-fb40-4dc2-8530-afcb5ce1f27f.jpg?1617446216,https://scryfall.com/card/stx/50/reject
513715,88953,STX,223,en,C,Relic Sloth,{3}{R}{W},5.0,Creature — Beast,Ilse Gort,,0.38,0.07,0.01,https://c1.scryfall.com/file/scryfall-cards/large/front/c/1/c1cb483f-c567-4cfd-9fe8-1503e7b40542.jpg?1617072811,https://scryfall.com/card/stx/223/relic-sloth
513528,88579,STX,51,en,C,Resculpt,{1}{U},2.0,Instant,Torstein Nordstrand,0.29,0.58,0.08,0.01,https://c1.scryfall.com/file/scryfall-cards/large/front/1/b/1bfb1fcb-a411-4c1c-b8fc-496242ae3a9b.jpg?1617446295,https://scryfall.com/card/stx/51/resculpt
513590,88703,STX,113,en,R,Retriever Phoenix,{3}{R},4.0,Creature — Phoenix,Karl Kopinski,1.5,3.98,0.19,,https://c1.scryfall.com/file/scryfall-cards/large/front/4/d/4dd6cb53-3c82-4ac3-be1e-311322729198.jpg?1617448205,https://scryfall.com/card/stx/113/retriever-phoenix
513716,88955,STX,224,en,U,Returned Pastcaller,{3}{R}{R/W}{W},6.0,Creature — Spirit Cleric,Grzegorz Rutkowski,0.26,0.38,0.11,0.02,https://c1.scryfall.com/file/scryfall-cards/large/front/7/a/7aa0e762-0fec-4f6b-b3d7-ad8295bf557d.jpg?1617452447,https://scryfall.com/card/stx/224/returned-pastcaller
513717,88957,STX,225,en,U,Rip Apart,{R}{W},2.0,Sorcery,Anna Podedworna,0.66,2.02,0.39,0.23,https://c1.scryfall.com/file/scryfall-cards/large/front/b/3/b3b5b510-fd5c-415d-98b0-386e7508f7af.jpg?1617474296,https://scryfall.com/card/stx/225/rip-apart
513718,88959,STX,226,en,C,Rise of Extus,{4}{W/B}{W/B},6.0,Sorcery,Wylie Beckert,0.46,0.44,0.07,0.01,https://c1.scryfall.com/file/scryfall-cards/large/front/b/b/bbf97a71-485e-4d47-98de-bdf6f6dae0c2.jpg?1617333553,https://scryfall.com/card/stx/226/rise-of-extus
513719,88961,STX,227,en,U,"Rootha, Mercurial Artist",{1}{U}{R},3.0,Legendary Creature — Orc Shaman,Chris Rahn,0.26,0.42,0.1,0.02,https://c1.scryfall.com/file/scryfall-cards/large/front/a/c/acb8f24d-8d1d-48aa-a534-238e969a474c.jpg?1617452503,https://scryfall.com/card/stx/227/rootha-mercurial-artist
516792,88809,STX,156,en,M,"Rowan, Scholar of Sparks // Will, Scholar of Frost",{2}{R} // {4}{U},3.0,Legendary Planeswalker — Rowan // Legendary Planeswalker — Will,Magali Villeneuve,7.56,16.15,8.88,,https://c1.scryfall.com/file/scryfall-cards/large/front/1/8/18c16872-3675-4a4d-962a-2e17ad6f3886.jpg?1618326108,https://scryfall.com/card/stx/156/rowan-scholar-of-sparks-will-scholar-of-frost
513720,88963,STX,228,en,R,Rushed Rebirth,{B}{G},2.0,Instant,Jason Kang,1.85,4.95,1.68,0.39,https://c1.scryfall.com/file/scryfall-cards/large/front/0/7/07b7c952-5ab7-4546-8369-4d213bf868bf.jpg?1617474301,https://scryfall.com/card/stx/228/rushed-rebirth
513619,88761,STX,142,en,C,Scurrid Colony,{1}{G},2.0,Creature — Squirrel,Lars Grant-West,0.24,0.49,0.06,0.01,https://c1.scryfall.com/file/scryfall-cards/large/front/c/9/c9c0a096-870d-443c-92d3-f7ec1f362616.jpg?1617583275,https://scryfall.com/card/stx/142/scurrid-colony
513503,88529,STX,26,en,U,Secret Rendezvous,{1}{W}{W},3.0,Sorcery,Manuel Castañón,0.31,1.81,0.12,0.03,https://c1.scryfall.com/file/scryfall-cards/large/front/3/9/39528cf0-343e-499b-a69f-c5c3c2898c25.jpg?1617445211,https://scryfall.com/card/stx/26/secret-rendezvous
513563,88649,STX,86,en,R,Sedgemoor Witch,{2}{B},3.0,Creature — Human Warlock,Igor Kieryluk,2.29,8.15,2.16,,https://c1.scryfall.com/file/scryfall-cards/large/front/e/9/e900c1eb-968b-4046-b824-c167a7a5b682.jpg?1618253342,https://scryfall.com/card/stx/86/sedgemoor-witch
513644,88813,STX,157,en,R,Selfless Glyphweaver // Deadly Vanity,{2}{W} // {5}{B}{B}{B},3.0,Creature — Human Cleric // Sorcery,Johannes Voss,1.17,,0.27,,https://c1.scryfall.com/file/scryfall-cards/large/front/8/9/8982ff88-8595-4363-8cde-6e87fb57a2d8.jpg?1617400731,https://scryfall.com/card/stx/157/selfless-glyphweaver-deadly-vanity
513504,88531,STX,27,en,R,Semester's End,{3}{W},4.0,Instant,Alayna Danner,1.04,,0.63,,https://c1.scryfall.com/file/scryfall-cards/large/front/e/f/ef4743f7-28db-4d72-bfce-09cfbe413514.jpg?1617445269,https://scryfall.com/card/stx/27/semesters-end
513529,88581,STX,52,en,C,Serpentine Curve,{3}{U},4.0,Sorcery,Kekai Kotaki,0.23,0.43,0.05,0.02,https://c1.scryfall.com/file/scryfall-cards/large/front/d/6/d651b9e9-d723-4340-a010-d71b2a697e73.jpg?1617446241,https://scryfall.com/card/stx/52/serpentine-curve
513721,88965,STX,229,en,U,Shadewing Laureate,{W}{W/B}{B},3.0,Creature — Human Warlock,Igor Kieryluk,0.24,0.38,0.1,0.02,https://c1.scryfall.com/file/scryfall-cards/large/front/6/4/64795a8b-8cf2-436e-8f95-9e8bb40c0d7d.jpg?1617452563,https://scryfall.com/card/stx/229/shadewing-laureate
513722,88967,STX,230,en,M,Shadrix Silverquill,{3}{W}{B},5.0,Legendary Creature — Elder Dragon,Raymond Swanland,5.54,9.65,5.72,,https://c1.scryfall.com/file/scryfall-cards/large/front/a/b/ab701909-83d6-4d39-9a84-e6a9b2cb38d6.jpg?1616704070,https://scryfall.com/card/stx/230/shadrix-silverquill
513646,88817,STX,158,en,R,"Shaile, Dean of Radiance // Embrose, Dean of Shadow",{1}{W} // {2}{B}{B},2.0,Legendary Creature — Bird Cleric // Legendary Creature — Human Warlock,Yongjae Choi,0.79,3.9,0.26,,https://c1.scryfall.com/file/scryfall-cards/large/front/9/3/938cee8f-ac2c-49a5-9ff7-1367d0edfabe.jpg?1617453576,https://scryfall.com/card/stx/158/shaile-dean-of-radiance-embrose-dean-of-shadow
513764,89051,STX,272,en,R,Shineshadow Snarl,"",0.0,Land,Sam Burley,2.59,9.36,1.94,,https://c1.scryfall.com/file/scryfall-cards/large/front/8/4/84a46ebf-6938-4100-8f5f-0605ad2be4fc.jpg?1617453864,https://scryfall.com/card/stx/272/shineshadow-snarl
513505,88533,STX,28,en,U,Show of Confidence,{1}{W},2.0,Instant,Paul Scott Canavan,0.23,0.42,0.07,0.02,https://c1.scryfall.com/file/scryfall-cards/large/front/6/5/65837f39-deb7-4a4b-8b67-125a71cd0d45.jpg?1617311686,https://scryfall.com/card/stx/28/show-of-confidence
513723,88969,STX,231,en,U,Silverquill Apprentice,{W}{B},2.0,Creature — Human Warlock,Mike Bierek,0.25,0.38,0.15,0.03,https://c1.scryfall.com/file/scryfall-cards/large/front/4/2/42d0770e-9084-4aa7-b543-2b6ba18378dc.jpg?1616839213,https://scryfall.com/card/stx/231/silverquill-apprentice
513765,89053,STX,273,en,C,Silverquill Campus,"",0.0,Land,Titus Lunter,0.21,0.6,0.06,0.02,https://c1.scryfall.com/file/scryfall-cards/large/front/4/2/42583850-ba5c-4a71-8717-406b5c6d048f.jpg?1617453894,https://scryfall.com/card/stx/273/silverquill-campus
513724,88971,STX,232,en,R,Silverquill Command,{2}{W}{B},4.0,Sorcery,Bryan Sola,0.67,4.99,0.3,,https://c1.scryfall.com/file/scryfall-cards/large/front/5/c/5c55f533-9d31-4ad1-b336-927aba6e74d6.jpg?1614152919,https://scryfall.com/card/stx/232/silverquill-command
513725,88973,STX,233,en,C,Silverquill Pledgemage,{1}{W/B}{W/B},3.0,Creature — Vampire Cleric,Denman Rooke,0.27,0.38,0.03,0.02,https://c1.scryfall.com/file/scryfall-cards/large/front/a/3/a3f64ad2-4041-421d-baa2-206cedcecf0e.jpg?1617317203,https://scryfall.com/card/stx/233/silverquill-pledgemage
513726,88975,STX,234,en,R,Silverquill Silencer,{W}{B},2.0,Creature — Human Cleric,Zezhou Chen,3.04,10.64,2.34,,https://c1.scryfall.com/file/scryfall-cards/large/front/8/b/8bb60dcc-cb4a-414d-850f-c98efd872894.jpg?1617452721,https://scryfall.com/card/stx/234/silverquill-silencer
513530,88583,STX,53,en,U,Snow Day,{4}{U}{U},6.0,Instant,Forrest Imel,0.25,,0.09,0.03,https://c1.scryfall.com/file/scryfall-cards/large/front/a/6/a6b6f17d-45ba-4d60-a963-5eee026f2219.jpg?1617473722,https://scryfall.com/card/stx/53/snow-day
513531,88585,STX,54,en,U,Solve the Equation,{2}{U},3.0,Sorcery,Lie Setiawan,2.25,5.35,0.63,0.05,https://c1.scryfall.com/file/scryfall-cards/large/front/6/6/66c04ee2-c1e0-45fb-aaf5-1b4459df80fc.jpg?1617446269,https://scryfall.com/card/stx/54/solve-the-equation
513532,88587,STX,55,en,C,Soothsayer Adept,{1}{U},2.0,Creature — Merfolk Wizard,Cristi Balanescu,,0.48,0.05,0.01,https://c1.scryfall.com/file/scryfall-cards/large/front/e/b/eb93c9d2-88eb-403d-bb67-8e8b0462ac27.jpg?1617313962,https://scryfall.com/card/stx/55/soothsayer-adept
513506,88535,STX,29,en,R,Sparring Regimen,{2}{W},3.0,Enchantment,Tomasz Jedruszek,0.45,2.18,0.17,,https://c1.scryfall.com/file/scryfall-cards/large/front/a/b/ab7c80d3-3e0c-4510-9ed0-bb9fe39d838f.jpg?1617445291,https://scryfall.com/card/stx/29/sparring-regimen
513727,88977,STX,235,en,C,Spectacle Mage,{1}{U}{R},3.0,Creature — Bird Shaman,Caroline Gariba,0.23,0.42,0.08,0.01,https://c1.scryfall.com/file/scryfall-cards/large/front/f/7/f74223e1-b66b-42fa-aaac-001f5dab2aac.jpg?1617452745,https://scryfall.com/card/stx/235/spectacle-mage
513564,88651,STX,87,en,C,Specter of the Fens,{3}{B},4.0,Creature — Specter,G-host Lee,0.2,0.48,0.05,0.01,https://c1.scryfall.com/file/scryfall-cards/large/front/7/3/73e3cfbc-7177-4bbc-89c4-560c9c2f97db.jpg?1617473678,https://scryfall.com/card/stx/87/specter-of-the-fens
513750,89023,STX,258,en,U,Spell Satchel,{2},2.0,Artifact,YW Tang,0.26,1.59,0.18,0.03,https://c1.scryfall.com/file/scryfall-cards/large/front/7/d/7de826a0-6e68-4d40-a51c-8d6e7a4148d1.jpg?1617450212,https://scryfall.com/card/stx/258/spell-satchel
513620,88763,STX,143,en,C,Spined Karok,{2}{G},3.0,Creature — Crocodile,Filip Burburan,0.25,0.25,0.03,0.01,https://c1.scryfall.com/file/scryfall-cards/large/front/c/3/c37ae6b5-225a-410e-ab22-13e923bdfb65.jpg?1617612603,https://scryfall.com/card/stx/143/spined-karok
513728,88979,STX,236,en,C,Spirit Summoning,{1}{R/W}{R/W},3.0,Sorcery — Lesson,Andrey Kuzinskiy,0.21,0.28,0.05,0.01,https://c1.scryfall.com/file/scryfall-cards/large/front/7/4/74be6236-4095-419c-9927-fbd874df21f8.jpg?1617071199,https://scryfall.com/card/stx/236/spirit-summoning
513729,88981,STX,237,en,C,Spiteful Squad,{2}{W}{B},4.0,Creature — Human Warlock,Manuel Castañón,0.26,0.38,0.08,0.02,https://c1.scryfall.com/file/scryfall-cards/large/front/b/e/be88355e-c986-4b69-93b4-0abf04916e86.jpg?1617551448,https://scryfall.com/card/stx/237/spiteful-squad
513621,88765,STX,144,en,C,Springmane Cervin,{2}{G},3.0,Creature — Elk,Ilse Gort,,,0.05,0.01,https://c1.scryfall.com/file/scryfall-cards/large/front/f/5/f5b0eac4-0262-4eed-97d4-0f2e6f06c8e1.jpg?1617409127,https://scryfall.com/card/stx/144/springmane-cervin
513730,88983,STX,238,en,C,Square Up,{1}{G/U},2.0,Instant,Manuel Castañón,0.24,0.48,0.02,0.01,https://c1.scryfall.com/file/scryfall-cards/large/front/3/d/3d548d5a-1dd7-448a-8483-249572e08c47.jpg?1617224620,https://scryfall.com/card/stx/238/square-up
513507,88537,STX,30,en,C,Star Pupil,{W},1.0,Creature — Human Wizard,Howard Lyon,0.23,0.33,0.05,0.02,https://c1.scryfall.com/file/scryfall-cards/large/front/9/9/99e9318f-2e17-4b6e-895f-c17cd5d0d282.jpg?1617445328,https://scryfall.com/card/stx/30/star-pupil
513591,88705,STX,114,en,U,Start from Scratch,{2}{R},3.0,Sorcery — Lesson,Bayard Wu,0.21,0.41,0.08,0.02,https://c1.scryfall.com/file/scryfall-cards/large/front/5/5/55c99486-ae64-4293-81fb-a4b02e8fcae6.jpg?1617448246,https://scryfall.com/card/stx/114/start-from-scratch
513508,88539,STX,31,en,U,Stonebinder's Familiar,{W},1.0,Creature — Spirit Dog,Sam Rowan,0.23,,0.07,0.02,https://c1.scryfall.com/file/scryfall-cards/large/front/2/1/21de4a01-98d3-4af3-9c6e-29e16d2c1767.jpg?1617134524,https://scryfall.com/card/stx/31/stonebinders-familiar
513731,88985,STX,239,en,C,Stonebound Mentor,{1}{R}{W},3.0,Creature — Spirit Advisor,Svetlin Velinov,0.24,0.43,0.08,0.01,https://c1.scryfall.com/file/scryfall-cards/large/front/9/c/9c64e954-adfc-40a2-a3b2-85f1b4626976.jpg?1617452800,https://scryfall.com/card/stx/239/stonebound-mentor
513509,88541,STX,32,en,C,Stonerise Spirit,{1}{W},2.0,Creature — Spirit Bird,Uriah Voth,0.25,0.38,0.09,0.01,https://c1.scryfall.com/file/scryfall-cards/large/front/3/8/388f2e45-570f-4a35-b205-37e1345b5d06.jpg?1617584253,https://scryfall.com/card/stx/32/stonerise-spirit
513592,88707,STX,115,en,U,Storm-Kiln Artist,{3}{R},4.0,Creature — Dwarf Shaman,Manuel Castañón,0.63,3.05,0.13,0.02,https://c1.scryfall.com/file/scryfall-cards/large/front/f/a/fa96b8dc-233a-4884-ab84-235cbc7df0b6.jpg?1616705421,https://scryfall.com/card/stx/115/storm-kiln-artist
513510,88543,STX,33,en,R,Strict Proctor,{1}{W},2.0,Creature — Spirit Cleric,Jokubas Uogintas,2.88,6.15,1.77,,https://c1.scryfall.com/file/scryfall-cards/large/front/9/5/95f1e36a-6838-49de-b7dc-697cbcd1e892.jpg?1617445355,https://scryfall.com/card/stx/33/strict-proctor
513751,89025,STX,259,en,R,Strixhaven Stadium,{3},3.0,Artifact,Piotr Dura,3.47,16.81,0.68,,https://c1.scryfall.com/file/scryfall-cards/large/front/4/2/421674ee-4b85-4942-b166-952598165826.jpg?1617225235,https://scryfall.com/card/stx/259/strixhaven-stadium
513511,88545,STX,34,en,C,Study Break,{1}{W},2.0,Instant,Cristi Balanescu,0.41,0.35,0.06,0.01,https://c1.scryfall.com/file/scryfall-cards/large/front/e/f/ef7cd813-0781-4fd7-8748-2716e1eeb4b9.jpg?1616788393,https://scryfall.com/card/stx/34/study-break
513593,88709,STX,116,en,C,Sudden Breakthrough,{1}{R},2.0,Instant,Colin Boyer,0.25,0.36,0.08,0.01,https://c1.scryfall.com/file/scryfall-cards/large/front/b/0/b011707a-471b-41c2-bc73-376a55d26bee.jpg?1617448277,https://scryfall.com/card/stx/116/sudden-breakthrough
516682,88465,STX,370,en,C,Swamp,"",0.0,Basic Land — Swamp,Titus Lunter,,,,0.02,https://c1.scryfall.com/file/scryfall-cards/large/front/1/3/13bd1c69-2561-4ff1-af00-bb519b3897c2.jpg?1616785736,https://scryfall.com/card/stx/370/swamp
513533,88589,STX,56,en,U,Symmetry Sage,{U},1.0,Creature — Human Wizard,Jehan Choo,0.25,2.98,0.08,0.02,https://c1.scryfall.com/file/scryfall-cards/large/front/3/e/3e726fc7-36cf-405c-9b7c-d1e41cd6c68f.jpg?1617316190,https://scryfall.com/card/stx/56/symmetry-sage
513732,88987,STX,240,en,M,Tanazir Quandrix,{3}{G}{U},5.0,Legendary Creature — Elder Dragon,Raymond Swanland,6.05,13.25,7.37,,https://c1.scryfall.com/file/scryfall-cards/large/front/3/b/3bd62ee4-e654-44ba-a650-889782cc9ac3.jpg?1617452824,https://scryfall.com/card/stx/240/tanazir-quandrix
513622,88767,STX,145,en,C,Tangletrap,{1}{G},2.0,Instant,Suzanne Helmigh,0.24,,0.06,0.01,https://c1.scryfall.com/file/scryfall-cards/large/front/8/0/80fbf729-00c0-4237-8294-c857f96364d3.jpg?1617457663,https://scryfall.com/card/stx/145/tangletrap
513733,88989,STX,241,en,C,Teach by Example,{U/R}{U/R},2.0,Instant,Johan Grenier,0.25,0.42,0.08,0.05,https://c1.scryfall.com/file/scryfall-cards/large/front/a/a/aa7fbb9b-50a8-4d18-a667-fe965468ca16.jpg?1617225924,https://scryfall.com/card/stx/241/teach-by-example
513534,88591,STX,57,en,R,Teachings of the Archaics,{2}{U},3.0,Sorcery — Lesson,Lius Lasahido,1.39,,0.2,,https://c1.scryfall.com/file/scryfall-cards/large/front/9/6/967148b1-2bb6-4bc0-95e6-c45fcf99afd2.jpg?1617446380,https://scryfall.com/card/stx/57/teachings-of-the-archaics
513752,89027,STX,260,en,U,Team Pennant,{1},1.0,Artifact — Equipment,Anna Fehr,0.24,0.33,0.06,0.03,https://c1.scryfall.com/file/scryfall-cards/large/front/b/e/be294c4e-712b-459c-a36c-e26ed5c27edb.jpg?1617464462,https://scryfall.com/card/stx/260/team-pennant
513535,88593,STX,58,en,R,Tempted by the Oriq,{1}{U}{U}{U},4.0,Sorcery,Billy Christian,1.0,7.48,0.32,,https://c1.scryfall.com/file/scryfall-cards/large/front/c/2/c23e64f9-531e-4735-9960-b0a76b32c340.jpg?1617446405,https://scryfall.com/card/stx/58/tempted-by-the-oriq
513734,88991,STX,242,en,U,Tend the Pests,{B}{G},2.0,Instant,David Auden Nash,0.59,2.96,0.11,0.02,https://c1.scryfall.com/file/scryfall-cards/large/front/8/f/8f43ed93-008d-44db-8204-ef2cc3b7cf8a.jpg?1617408685,https://scryfall.com/card/stx/242/tend-the-pests
513565,88653,STX,88,en,U,Tenured Inkcaster,{4}{B},5.0,Creature — Vampire Warlock,Jake Murray,0.31,0.69,0.1,0.02,https://c1.scryfall.com/file/scryfall-cards/large/front/9/2/92eba33e-efea-4e58-a832-1c6049fb211f.jpg?1617219537,https://scryfall.com/card/stx/88/tenured-inkcaster
513536,88595,STX,59,en,U,Test of Talents,{1}{U},2.0,Instant,Lie Setiawan,0.57,6.05,0.32,0.06,https://c1.scryfall.com/file/scryfall-cards/large/front/6/e/6e2b6236-b40c-430c-98b0-7940b942657a.jpg?1617583620,https://scryfall.com/card/stx/59/test-of-talents
513756,89035,STX,264,en,R,The Biblioplex,"",0.0,Land,Piotr Dura,3.48,8.77,4.66,,https://c1.scryfall.com/file/scryfall-cards/large/front/8/e/8eae4481-977f-4bb7-bb1a-ab7100e6ba47.jpg?1617403649,https://scryfall.com/card/stx/264/the-biblioplex
513735,88993,STX,243,en,C,Thrilling Discovery,{R}{W},2.0,Sorcery,Campbell White,0.25,0.7,0.08,0.04,https://c1.scryfall.com/file/scryfall-cards/large/front/b/a/bac1f45e-1884-490e-a94f-f7d312f0e229.jpg?1617148861,https://scryfall.com/card/stx/243/thrilling-discovery
513512,88547,STX,35,en,U,Thunderous Orator,{1}{W},2.0,Creature — Kor Wizard,Brian Valeza,0.27,0.44,0.06,0.02,https://c1.scryfall.com/file/scryfall-cards/large/front/e/f/ef3b2961-559f-42b1-be13-ff3d03e62809.jpg?1617070068,https://scryfall.com/card/stx/35/thunderous-orator
513594,88711,STX,117,en,C,Tome Shredder,{2}{R},3.0,Creature — Wolf,Sam Rowan,0.32,0.48,0.09,0.01,https://c1.scryfall.com/file/scryfall-cards/large/front/a/7/a7cc9ea8-db4e-4f41-800f-fb0dbcb2c345.jpg?1617474109,https://scryfall.com/card/stx/117/tome-shredder
516928,88821,STX,159,en,R,Torrent Sculptor // Flamethrower Sonata,{2}{U}{U} // {1}{R},4.0,Creature — Merfolk Wizard // Sorcery,Slawomir Maniak,0.85,2.88,0.21,,https://c1.scryfall.com/file/scryfall-cards/large/front/8/7/87463b68-3642-41c7-a11c-67d524759b60.jpg?1617453416,https://scryfall.com/card/stx/159/torrent-sculptor-flamethrower-sonata
513595,88713,STX,118,en,C,Twinscroll Shaman,{2}{R},3.0,Creature — Dwarf Shaman,Chris Seaman,0.24,,0.15,0.01,https://c1.scryfall.com/file/scryfall-cards/large/front/8/7/87193af5-4b6b-48d0-9b75-8171bb1d6e53.jpg?1617448307,https://scryfall.com/card/stx/118/twinscroll-shaman
513566,88655,STX,89,en,U,Umbral Juke,{2}{B},3.0,Instant,Bram Sels,0.24,0.38,0.1,0.02,https://c1.scryfall.com/file/scryfall-cards/large/front/3/f/3fbd0921-e953-492b-ad73-c8a8bfaa750b.jpg?1617333742,https://scryfall.com/card/stx/89/umbral-juke
513567,88657,STX,90,en,C,Unwilling Ingredient,{B},1.0,Creature — Frog,David Auden Nash,0.22,0.38,0.08,0.02,https://c1.scryfall.com/file/scryfall-cards/large/front/3/0/30448144-639a-43c7-a408-bd6ed543c231.jpg?1617406816,https://scryfall.com/card/stx/90/unwilling-ingredient
513650,88825,STX,160,en,R,"Uvilda, Dean of Perfection // Nassari, Dean of Expression",{2}{U} // {3}{R}{R},3.0,Legendary Creature — Djinn Wizard // Legendary Creature — Efreet Shaman,Jason Rainville,0.47,3.68,0.26,,https://c1.scryfall.com/file/scryfall-cards/large/front/8/c/8cfd0887-0c83-4b33-a85e-8b8ec5bf758d.jpg?1617453475,https://scryfall.com/card/stx/160/uvilda-dean-of-perfection-nassari-dean-of-expression
513652,88829,STX,161,en,R,"Valentin, Dean of the Vein // Lisette, Dean of the Root",{B} // {2}{G}{G},1.0,Legendary Creature — Vampire Warlock // Legendary Creature — Human Druid,Jesper Ejsing,2.23,6.37,1.51,,https://c1.scryfall.com/file/scryfall-cards/large/front/6/5/65008352-bc7e-40b2-a832-b46813e5dc4c.jpg?1617453527,https://scryfall.com/card/stx/161/valentin-dean-of-the-vein-lisette-dean-of-the-root
513736,88995,STX,244,en,R,Vanishing Verse,{W}{B},2.0,Instant,Chris Seaman,3.09,10.01,3.94,4.5,https://c1.scryfall.com/file/scryfall-cards/large/front/e/1/e12573fe-aee3-49db-93e2-d00972cbb3b1.jpg?1617474063,https://scryfall.com/card/stx/244/vanishing-verse
513737,88997,STX,245,en,M,Velomachus Lorehold,{5}{R}{W},7.0,Legendary Creature — Elder Dragon,Raymond Swanland,8.08,16.01,5.01,,https://c1.scryfall.com/file/scryfall-cards/large/front/0/4/04ea9067-ad50-4c43-ae4d-3f66890cd898.jpg?1617163986,https://scryfall.com/card/stx/245/velomachus-lorehold
513738,88999,STX,246,en,R,Venerable Warsinger,{1}{R}{W},3.0,Creature — Spirit Cleric,Jokubas Uogintas,1.22,2.74,0.67,,https://c1.scryfall.com/file/scryfall-cards/large/front/0/0/006313f8-cc60-4a4e-8ec6-953cdf1c16e3.jpg?1617474312,https://scryfall.com/card/stx/246/venerable-warsinger
513623,88769,STX,146,en,R,Verdant Mastery,{5}{G},6.0,Sorcery,Cristi Balanescu,1.86,1.92,0.21,,https://c1.scryfall.com/file/scryfall-cards/large/front/1/9/197455e5-7929-47b8-ad00-8d3918949eb7.jpg?1617146900,https://scryfall.com/card/stx/146/verdant-mastery
513766,89055,STX,274,en,R,Vineglimmer Snarl,"",0.0,Land,Sam Burley,3.05,7.43,1.98,,https://c1.scryfall.com/file/scryfall-cards/large/front/f/7/f77e5ca7-dde1-435f-9b40-87558dd88749.jpg?1617453919,https://scryfall.com/card/stx/274/vineglimmer-snarl
513537,88597,STX,60,en,C,Vortex Runner,{2}{U},3.0,Creature — Human Wizard,Billy Christian,0.24,3.0,,0.01,https://c1.scryfall.com/file/scryfall-cards/large/front/b/a/bab4a68d-5d26-42d8-bc51-15e3c1f95ebe.jpg?1617473753,https://scryfall.com/card/stx/60/vortex-runner
513482,88489,STX,6,en,R,Wandering Archaic // Explore the Vastlands,{5} // {3},5.0,Creature — Avatar // Sorcery,Wayne Reynolds,11.71,12.94,6.0,,https://c1.scryfall.com/file/scryfall-cards/large/front/1/8/18a2bdc8-b705-4eb5-b3a5-ff2e2ab8f312.jpg?1617901976,https://scryfall.com/card/stx/6/wandering-archaic-explore-the-vastlands
513538,88599,STX,61,en,C,Waterfall Aerialist,{3}{U},4.0,Creature — Djinn Wizard,Lie Setiawan,,0.48,0.05,0.01,https://c1.scryfall.com/file/scryfall-cards/large/front/7/b/7bc6966c-18d9-4675-9594-6f0b2d11c405.jpg?1616724732,https://scryfall.com/card/stx/61/waterfall-aerialist
513739,89001,STX,247,en,U,Witherbloom Apprentice,{B}{G},2.0,Creature — Human Druid,Josh Hass,0.46,5.39,0.21,0.03,https://c1.scryfall.com/file/scryfall-cards/large/front/7/f/7f80a11b-188b-464c-b00d-c9d1cfb8ddee.jpg?1616839250,https://scryfall.com/card/stx/247/witherbloom-apprentice
513767,89057,STX,275,en,C,Witherbloom Campus,"",0.0,Land,Alayna Danner,0.23,1.49,0.05,0.01,https://c1.scryfall.com/file/scryfall-cards/large/front/7/3/7346fb2e-754e-47de-b33d-eb089b357ee4.jpg?1617453942,https://scryfall.com/card/stx/275/witherbloom-campus
513740,89003,STX,248,en,R,Witherbloom Command,{B}{G},2.0,Sorcery,Dmitry Burmak,4.86,7.98,2.16,,https://c1.scryfall.com/file/scryfall-cards/large/front/8/7/87d5e94b-0b35-4efd-9158-1767dcaea38c.jpg?1616399908,https://scryfall.com/card/stx/248/witherbloom-command
513741,89005,STX,249,en,C,Witherbloom Pledgemage,{3}{B/G}{B/G},5.0,Creature — Treefolk Warlock,Filip Burburan,0.28,0.38,0.09,0.01,https://c1.scryfall.com/file/scryfall-cards/large/front/a/6/a6cc6914-2dcb-411d-90a5-01853ff2d5b8.jpg?1617457092,https://scryfall.com/card/stx/249/witherbloom-pledgemage
513539,88601,STX,62,en,U,Wormhole Serpent,{4}{U},5.0,Creature — Serpent,Tomasz Jedruszek,0.25,0.39,0.09,0.03,https://c1.scryfall.com/file/scryfall-cards/large/front/2/d/2d0fd73f-e161-4e42-b4f9-9246a9dba785.jpg?1617446651,https://scryfall.com/card/stx/62/wormhole-serpent
513753,89029,STX,261,en,U,Zephyr Boots,{1},1.0,Artifact — Equipment,YW Tang,0.23,0.42,0.09,0.02,https://c1.scryfall.com/file/scryfall-cards/large/front/4/d/4d0566fd-3775-48f1-ba22-6e659558c3d3.jpg?1617407188,https://scryfall.com/card/stx/261/zephyr-boots
513742,89007,STX,250,en,U,"Zimone, Quandrix Prodigy",{G}{U},2.0,Legendary Creature — Human Wizard,Ryan Pancoast,0.31,2.56,0.12,0.02,https://c1.scryfall.com/file/scryfall-cards/large/front/0/c/0ca14c17-dc72-4f68-92f2-14a6c4019f4e.jpg?1617225224,https://scryfall.com/card/stx/250/zimone-quandrix-prodigy
